Id,Job,Education,Age,Experience,Skills,Softkills,Ideal_Salary,City,Nationality,SmartWork,Experience_abroad,Language
0,Pharmacist,Degree,60,2,"Control of prescriptions, Preparation of drugs, Dispensing of drugs","Empathy, Precision, Knowledge of regulations, Attention to the customer",23518,Poggio Picenze,Francese,False,False,"Francese, Inglese"
1,Web Developer,Bachelor D.,50,10,"Angular, SQL, CSS","Flexibility, Teamwork, Problem solving, Effective communication",45010,Caldes,Danese,True,True,Danese
2,Legal consultant,Master D.,65,6,"Civil Law, Criminal Law, Procedural right, Intellectual property","Customer orientation, Ethics, Integrity, Management of stress, Negotiation",32506,Predosa,Inglese,False,False,Inglese
3,Data Scientist,Researcher,54,4,"Statistical, Keras, TensorFlow, Machine Learning, PyTorch","Teamwork, Innovation, Analytical thinking, Attention to detail",32988,Mafalda,Danese,True,False,Danese
4,Data analyst,Bachelor D.,64,13,"R, Python, MATLAB","Critical analysis, Creativity, Clear communication, Problem solving, Proactivity",35012,Roddino,Norvegese,True,True,"Norvegese, Italiano"
5,Web Developer,Master D.,35,1,"Design patterns, CSS, MySQL, XAMPP, Ruby","Flexibility, Innovation, Problem solving, Teamwork",44990,Santa Lucia di Serino,Italiano,True,True,Italiano
6,Lawyer,Degree,50,15,"Criminal Law, Procedural right, Legal Research, Negotiation, Civil Law","Critical thinking, Argumentation, Persuasive communication, Communication skills",34998,Bianze',Statunitense,False,False,"Statunitense, Italiano, Messicano"
7,Financial consultant,Bachelor D.,38,9,"Financial markets, Economics, Personal financial planning","Persuasive communication, Precision, Attention to detail",40023,Tribano,Portoghese,False,False,"Portoghese, Italiano, Inglese"
8,Nurse,Degree,67,15,"Health care, Administration of drugs, Anatomy, Pharmacology","Empathy, Professional ethics",30004,Ittiri,Italiano,False,False,"Italiano, Israeliano"
9,Operation manager,Degree,33,12,"Optimization of processes, Logistics, Microsoft Excel","Strategic planning, Management of time",109991,Sovere,Italiano,True,False,"Italiano, Tedesco"
10,Doctor,Master D.,28,28,"Anatomy, Pharmacology, Prevention, Therapy","Empathic communication, Ethics, Patience",52496,Allerona,Italiano,False,False,"Italiano, Canadese"
11,Surgeon,Bachelor D.,40,24,"Surgical Anatomy, General Surgery, Operating block management, Medical imaging, Specialized surgical procedures","Teamwork, Patience, Management of stress",80006,Casale Monferrato,Tunisino,False,False,"Tunisino, Venezuelano"
12,Data analyst,Degree,53,0,"Root, SAS, R, Statistics","Problem solving, Critical analysis",35009,Simbario,Italiano,True,True,"Italiano, Tedesco, Inglese"
13,Risk expert,Bachelor D.,42,9,"Assessment of risk, Analysis of financial security policies, Financial risk, Environmental risk, Management of the crisis","Analytical thinking, Management of stress",35500,Robilante,Inglese,False,True,"Inglese, Messicano"
14,Legal consultant,Degree,31,10,"Criminal Law, Tax legislation","Customer orientation, Ethics, Capacity for research",32500,Gandino,Italiano,False,True,"Italiano, Norvegese"
15,Financial consultant,Bachelor D.,34,2,"Economics, Insurance, Actions, Personal financial planning, Investments","Persuasive communication, Attention to detail, Customer orientation, Empathy, Precision",40013,Chianciano Terme,Portoghese,False,False,Portoghese
16,Pharmacist,Bachelor D.,48,11,"Dispensing of drugs, Management of the cash, Preparation of drugs, Control of prescriptions","Organizational skills, Empathy",23500,Pojana Maggiore,Italiano,False,True,Italiano
17,Web Developer,Master D.,20,7,"PHP, Design patterns, Ruby","Effective communication, Problem solving, Flexibility, Teamwork, Ability to manage stress",44988,Montesano Salentino,Italiano,True,False,"Italiano, Brasiliano"
18,Data analyst,Degree,38,5,"Microsoft Excel, Database","Problem solving, Creativity, Proactivity, Clear communication",34996,Garlate,Messicano,True,False,"Messicano, Statunitense"
19,Operation manager,Master D.,32,9,"Six Sigma, Management of operations, ERP, Logistics","Strategic planning, Management of time, Troubleshooting, Management of stress",110015,Fanano,Portoghese,True,False,Portoghese
20,Web Developer,Master D.,54,13,"Angular, MySQL, Internet protocols, CSS","Effective communication, Ability to manage stress",45010,Boschi Sant'Anna,Italiano,True,False,Italiano
21,Legal consultant,Bachelor D.,39,13,"Tax legislation, Intellectual property, Civil Law, Right to Work","Integrity, Capacity for research, Ethics",32500,Osilo,Venezuelano,False,False,"Venezuelano, Messicano"
22,Risk expert,Master D.,26,10,"Management of losses, Assessment of risk, Management of the crisis, Environmental risk, Analysis of financial security policies","Management of stress, Decision making, Analytical thinking",35488,Molvena,Italiano,False,True,"Italiano, Tunisino"
23,Web Developer,Degree,41,11,"CSS, Ruby, Python, SQL, XAMPP","Problem solving, Flexibility, Teamwork, Ability to manage stress, Innovation",44988,Roaschia,Argentino,True,False,"Argentino, Tedesco"
24,Legal consultant,Degree,64,12,"Procedural right, Right to Work","Negotiation, Management of stress, Capacity for research, Integrity, Customer orientation",32501,Ortignano Raggiolo,Inglese,False,True,"Inglese, Italiano"
25,Nurse specialist,Degree,46,8,"Administration of drugs, Specialized nursing assistance, Oncology, Monitoring of patients, Intensive Care Unit","Management of emergencies, Empathy, Organisation",42499,Signa,Lituano,False,True,Lituano
26,Nurse,Degree,65,10,"Health care, Anatomy, Patient Management, Medical emergencies, Administration of drugs","Empathy, Communication, Management of stress, Organisation",30012,Parenti,Francese,False,True,Francese
27,Financial consultant,Bachelor D.,51,12,"Actions, Commercial Law, Financial markets","Persuasive communication, Empathy, Precision, Attention to detail",39987,Torre San Patrizio,Francese,False,True,"Francese, Italiano, Italiano"
28,Designer,Master D.,67,6,"Blender, Adobe Illustrator, Adobe After Effect, UI/UX Design, CorelDRAW","Critical thinking, Creativity, Adaptability, Empathy",35990,San Pietro Clarenza,Tedesco,True,True,Tedesco
29,Pharmacist,Master D.,33,4,"Control of prescriptions, Management of the cash, Preparation of drugs, Dispensing of drugs","Knowledge of regulations, Attention to the customer, Empathy",23494,Voltido,Italiano,False,False,"Italiano, Egiziano, Francese"
30,Financial consultant,Master D.,21,4,"Financial markets, Investments, Personal financial planning","Empathy, Attention to detail, Persuasive communication, Precision, Customer orientation",39985,Chialamberto,Italiano,False,False,"Italiano, Inglese"
31,Lawyer,Degree,25,0,"Legal Research, Procedural right, Negotiation, Legal system","Analytical skills, Persuasive communication, Critical thinking, Argumentation, Communication skills",34987,Carzano,Italiano,False,True,"Italiano, Argentino"
32,Operation manager,Bachelor D.,31,24,"ERP, Six Sigma, Optimization of processes, Lean management , Logistics","Troubleshooting, Management of time",110009,Montefusco,Inglese,True,True,"Inglese, Francese, Italiano"
33,Developer,PhD,65,4,"Operating systems, C, Git","Innovation, Problem solving, Professional Ethic, Retail aptitude",42986,Dorio,Inglese,True,False,Inglese
34,Pharmacist,Master D.,61,16,"Pharmacology, Preparation of drugs, Dispensing of drugs","Communication, Attention to the customer, Organizational skills, Precision, Knowledge of regulations",23491,Sperlonga,Italiano,False,True,"Italiano, Argentino"
35,Risk expert,Degree,50,14,"Data analysis, Management of the crisis, Analysis of financial security policies, Assessment of risk","Decision making, Management of stress, Analytical thinking",35479,Origgio,Francese,False,False,"Francese, Danese, Inglese"
36,Financial analyst,Bachelor D.,53,3,"Financial markets, Risk Management, Economic Law","Problem solving, Critical analysis",33516,Giffoni Sei Casali,Irlandese,True,True,"Irlandese, Tedesco, Italiano"
37,Lawyer,Bachelor D.,36,19,"Legal Research, Negotiation, Criminal Law","Communication skills, Argumentation, Persuasive communication, Analytical skills, Critical thinking",34997,Russi,Italiano,False,True,"Italiano, Lituano"
38,Architect,Bachelor D.,51,9,"AutoCAD, Architectural design","Attention to detail, Effective communication, Spatial thought, Creativity",42498,Sorisole,Italiano,True,False,"Italiano, Colombiano"
39,Asset manager,Degree,45,17,"Financial planning, Investments, Economics","Strategic Thinking, Negotiation, Customer orientation, Attention to detail",44990,Basciano,Norvegese,False,True,Norvegese
40,System administrator,Degree,20,16,"Windows Server, SMTP, Network, Linux","Troubleshooting, Management of emergencies, Patience",37506,Brugnato,Italiano,False,True,Italiano
41,Teacher,Master D.,59,20,"French, Italian, Office suite, Art, Computer science","Communication, Empathy",19006,Mordano,Turco,False,True,"Turco, Inglese"
42,Developer,Null,57,10,"Git, Algorithm, C++","Flexibility, Retail aptitude",43015,Schio,Brasiliano,True,True,"Brasiliano, Italiano"
43,Pharmacist,Bachelor D.,46,14,"Dispensing of drugs, Control of prescriptions, Pharmacology","Communication, Empathy",23483,San Vito,Inglese,False,False,"Inglese, Italiano"
44,Teacher,Degree,68,24,"Mathematics, Gym, Office suite, Geograpy","Communication, Patience, Empathy",19002,Arcidosso,Italiano,False,False,"Italiano, Irlandese"
45,Nurse specialist,Bachelor D.,53,8,"Oncology, Monitoring of patients, Intensive Care Unit, Administration of drugs","Empathy, Organisation, Management of emergencies",42498,Nova Levante,Italiano,False,False,Italiano
46,Operation manager,PhD,55,19,"Six Sigma, ERP, Management of operations","Management of time, Strategic planning, Management of stress, Troubleshooting",109999,Corleone,Inglese,True,False,"Inglese, Francese, Italiano"
47,X-ray technician,Researcher,28,15,"Radiological safety, Preparation of patients","Speed of learning, Precision, Organizational skills",23508,Savelli,Israeliano,False,True,"Israeliano, Portoghese"
48,Teacher,Bachelor D.,43,23,"Art, Mathematics, French, Physical education","Empathy, Patience, Communication",19020,Gerenzano,Cubano,False,True,"Cubano, Francese"
49,Architectural engineer,PhD,37,1,"AutoCAD, ANSYS, Simulink, Design","Decision-making capacity, Collaboration",39980,Muscoline,Italiano,True,False,"Italiano, Tedesco, Canadese"
50,Legal consultant,Master D.,59,10,"Procedural right, Contracts, Right to Work, Criminal Law, Intellectual property","Customer orientation, Capacity for research, Integrity, Ethics, Management of stress",32494,Trevi,Italiano,False,False,"Italiano, Francese"
51,Marketing manager,Degree,55,10,"CMS, Hootsuite, Market research","Critical thinking, Adaptability, Creativity, Management of the team, Ability to adapt to new technologies",72518,Parcines,Colombiano,True,True,"Colombiano, Tedesco"
52,Financial analyst,Bachelor D.,69,5,"Assessment of investments, Economic Law, Investment","Effective communication, Problem solving",33496,Irsina,Italiano,True,False,"Italiano, Argentino, Francese"
53,Architectural engineer,Bachelor D.,55,15,"Solidworks, Design, Structural analysis, MATLAB, AutoCAD","Creativity, Collaboration, Leadership",40010,Marano sul Panaro,Pakistano,True,True,"Pakistano, Russo"
54,Manager,Master D.,64,13,"Market expertise, Team Management","Leadership, Adaptability, Effective communication",79987,Sesto Calende,Argentino,False,True,"Argentino, Italiano, Inglese"
55,Data analyst,Master D.,39,2,"MATLAB, Statistics, Data Mining, Database","Proactivity, Critical analysis, Problem solving, Creativity, Clear communication",34996,Feroleto della Chiesa,Argentino,True,True,"Argentino, Egiziano, Italiano"
56,Pharmacist,Degree,65,15,"Control of prescriptions, Management of the cash, Preparation of drugs, Information on drugs, Dispensing of drugs","Communication, Precision, Attention to the customer, Knowledge of regulations",23502,Potenza,Francese,False,False,"Francese, Turco"
57,System administrator,Bachelor D.,22,14,"Linux, Unix, Windows Server, Cloud management","Patience, Troubleshooting, Management of emergencies",37495,Moiano,Italiano,False,True,"Italiano, Inglese"
58,Financial consultant,Bachelor D.,69,7,"Financial markets, Commercial Law","Precision, Empathy, Customer orientation",39998,Limone Piemonte,Russo,False,True,"Russo, Italiano"
59,Architectural engineer,Master D.,44,7,"MATLAB, AutoCAD, Solidworks, Design","Communication, Leadership",39999,Castrofilippo,Italiano,True,True,Italiano
60,HR Consultant,Bachelor D.,40,3,"Selection and evaluation techniques, Training and development, Analysis of data","Management of the conflict, Ability to listen, Coaching, Management of stress",35016,Mazzarrone,Italiano,True,False,"Italiano, Finlandese"
61,Architect,Degree,39,1,"AutoCAD, EnergyPlus, Coordination of the project, BIM","Attention to detail, Spatial thought, Effective communication, Creativity",42504,Sovizzo,Italiano,True,False,Italiano
62,Manager,Researcher,55,11,"Strategic planning, Market expertise, Negotiation, Team Management","Analytical thinking, Adaptability",80005,Mason Vicentino,Italiano,False,True,"Italiano, Inglese, Inglese"
63,Pharmacist,Researcher,30,18,"Management of the cash, Dispensing of drugs, Information on drugs, Pharmacology","Attention to the customer, Knowledge of regulations",23523,Sant'Agata del Bianco,Francese,False,True,"Francese, Italiano"
64,Designer,Degree,49,8,"Blender, Prototyping, Adobe Photoshop, CorelDRAW, Adobe After Effect","Critical thinking, Creativity",35981,Santo Stefano di Camastra,Tunisino,True,False,"Tunisino, Tedesco, Francese"
65,System administrator,Bachelor D.,29,4,"HTTP, Network, Windows Server, Linux, Cloud management","Troubleshooting, Management of emergencies, Patience",37511,Nova Levante,Italiano,False,False,Italiano
66,Therapist,PhD,70,5,"Ethics, Cognitive behavioral therapy","Empathy, Ethics, Problem solving, Confidentiality",23515,Roaschia,Inglese,False,True,"Inglese, Italiano, Italiano"
67,Designer,Bachelor D.,46,4,"Sketch, Figma, Adobe Photoshop, Prototyping","Innovation, Empathy, Creativity, Adaptability",36003,Fiumicello,Italiano,True,True,Italiano
68,Developer,Researcher,44,14,"C, Git, Database, Operating systems","Creativity, Collaboration, Flexibility",42993,Monteleone Sabino,Inglese,True,False,Inglese
69,Financial consultant,Bachelor D.,69,7,"Personal financial planning, Investments","Attention to detail, Precision, Persuasive communication, Customer orientation, Empathy",39992,Monserrato,Italiano,False,True,Italiano
70,Operation manager,Degree,69,19,"Logistics, Lean management , Quality Control, Microsoft Excel, ERP","Management of time, Strategic planning, Troubleshooting",109994,Villa di Tirano,Tedesco,True,True,Tedesco
71,Pharmacist,Researcher,28,16,"Information on drugs, Dispensing of drugs, Management of the cash, Pharmacology","Attention to the customer, Communication, Organizational skills",23485,Desulo,Turco,False,True,Turco
72,Legal consultant,Degree,63,13,"Criminal Law, Negotiation, Procedural right, Tax legislation","Capacity for research, Negotiation",32502,Brugnato,Brasiliano,False,True,"Brasiliano, Inglese"
73,Nurse specialist,Bachelor D.,34,17,"Oncology, Monitoring of patients, Administration of drugs, Intensive Care Unit, Specialized nursing assistance","Management of emergencies, Empathy, Organisation",42503,Cavasso Nuovo,Danese,False,False,"Danese, Tedesco"
74,Surgeon,Degree,62,19,"Operating block management, Surgical physiology","Patience, Decision making",79995,Grosio,Italiano,False,True,"Italiano, Inglese, Argentino"
75,Teacher,Bachelor D.,63,19,"Physical education, History, French, Art","Communication, Patience, Empathy",19006,Fluminimaggiore,Italiano,False,True,"Italiano, Turco"
76,Therapist,Degree,62,28,"Ethics, Counseling, Psychological evaluation","Relational Skills, Empathy",23503,Gambugliano,Colombiano,False,False,"Colombiano, Norvegese, Italiano"
77,Marketing manager,Degree,27,18,"Google Analytics, Hootsuite, Management of the brand, Planning of campaigns, Strategies of marketing","Adaptability, Leadership, Ability to adapt to new technologies",72497,Villafranca Padovana,Francese,True,False,Francese
78,Market analyst,Master D.,55,1,"Strategies of the market, Market research, Forecast, Analysis of trends","Adaptability, Problem solving",38993,Poggio Picenze,Italiano,True,False,"Italiano, Inglese, Cubano"
79,Marketing manager,Bachelor D.,45,5,"Strategies of marketing, Market research, Management of the brand","Leadership, Critical thinking",72492,Moncalvo,Russo,True,False,"Russo, Inglese, Danese"
80,Architectural engineer,Degree,39,15,"ANSYS, Solidworks","Creativity, Attention to detail, Leadership",40019,Pago Veiano,Inglese,True,False,"Inglese, Italiano"
81,Surgeon,Bachelor D.,67,25,"Surgical Anatomy, Surgical physiology, General Surgery, Medical imaging","Management of stress, Patience",79986,Rodengo Saiano,Italiano,False,True,"Italiano, Pakistano"
82,Pharmacist,Bachelor D.,24,3,"Information on drugs, Pharmacology, Control of prescriptions, Preparation of drugs, Management of the cash","Attention to the customer, Precision, Knowledge of regulations, Empathy, Communication",23489,Scandale,Irlandese,False,True,Irlandese
83,Manager,Bachelor D.,33,22,"Strategic planning, Team Management, Negotiation, Market expertise","Effective communication, Leadership",79990,Bedizzole,Italiano,False,True,"Italiano, Argentino"
84,Operation manager,Master D.,34,22,"Lean management , ERP, Microsoft Excel, Six Sigma, Quality Control","Strategic planning, Management of stress, Management of time",109993,Ariano nel Polesine,Danese,True,True,"Danese, Italiano"
85,Marketing manager,PhD,57,19,"Market research, Planning of campaigns, Strategies of marketing, Hootsuite, CMS","Creativity, Leadership, Critical thinking, Ability to adapt to new technologies, Adaptability",72502,Rodengo Saiano,Lituano,True,True,"Lituano, Pakistano"
86,Marketing manager,Bachelor D.,41,17,"Hootsuite, Planning of campaigns","Creativity, Leadership",72493,Pescara,Italiano,True,True,"Italiano, Francese"
87,Teacher,Researcher,56,16,"English, Office suite","Patience, Empathy, Communication",19012,Arnasco,Egiziano,False,True,"Egiziano, Portoghese, Inglese"
88,System administrator,Degree,54,11,"Windows Server, Cyber Security, Unix, Cloud management, SMTP","Patience, Management of emergencies",37493,Moso in Passiria,Tedesco,False,True,Tedesco
89,Teacher,Bachelor D.,60,28,"English, Mathematics, Office suite, Computer science, Physical education","Patience, Communication, Empathy",19012,Diano Marina,Colombiano,False,True,"Colombiano, Francese"
90,Nurse,Bachelor D.,49,8,"Pharmacology, Health care, Anatomy, Administration of drugs, Patient Management","Organisation, Empathy, Professional ethics, Management of stress",30014,Brienno,Colombiano,False,False,"Colombiano, Italiano"
91,Operation manager,Researcher,51,25,"Management of operations, Six Sigma, Quality Control","Troubleshooting, Strategic planning",109995,Rodello,Norvegese,True,True,"Norvegese, Italiano"
92,Therapist,Degree,32,29,"Theories of Behavior, Ethics, Counseling, Psychological evaluation, Cognitive behavioral therapy","Active listening, Ethics, Empathy, Confidentiality, Problem solving",23499,Roncola,Tunisino,False,True,Tunisino
93,Risk expert,Researcher,41,7,"Management of losses, Data analysis, Financial risk, Analysis of financial security policies, Environmental risk","Management of stress, Decision making, Analytical thinking",35494,San Nicola Arcella,Francese,False,True,"Francese, Irlandese, Inglese"
94,Legal consultant,Bachelor D.,30,5,"Contracts, Negotiation, Right to Work, Criminal Law","Negotiation, Customer orientation, Integrity",32495,Pre'-Saint-Didier,Francese,False,False,"Francese, Statunitense"
95,System administrator,Researcher,61,15,"Cyber Security, HTTP","Troubleshooting, Patience, Management of emergencies",37493,Paulilatino,Israeliano,False,True,"Israeliano, Tunisino"
96,Surgeon,Degree,48,22,"Specialized surgical procedures, Operating block management, Medical imaging, Surgical Anatomy, Surgical physiology","Teamwork, Decision making, Patience, Precision, Management of stress",80005,Auronzo di Cadore,Russo,False,False,Russo
97,Asset manager,PhD,21,6,"Investments, Investments","Strategic Thinking, Attention to detail, Customer orientation, Negotiation",44993,Montaldo Scarampi,Argentino,False,False,Argentino
98,Architectural engineer,PhD,69,6,"Simulink, AutoCAD, Design, Solidworks","Troubleshooting, Attention to detail",39999,Ravarino,Italiano,True,True,"Italiano, Tedesco, Inglese"
99,Nurse specialist,Researcher,25,4,"Oncology, Administration of drugs, Intensive Care Unit","Organisation, Management of emergencies",42495,Gonars,Portoghese,False,True,"Portoghese, Israeliano"
100,Nurse,Degree,67,1,"Anatomy, Administration of drugs, Patient Management, Medical emergencies, Pharmacology","Organisation, Flexibility, Professional ethics",30005,Celle di Macra,Pakistano,False,True,"Pakistano, Israeliano"
101,Financial consultant,Master D.,69,18,"Personal financial planning, Actions, Economics, Commercial Law","Customer orientation, Empathy, Persuasive communication, Attention to detail, Precision",39986,Mazzarrone,Messicano,False,False,"Messicano, Italiano"
102,Operation manager,Degree,52,24,"ERP, Logistics, Six Sigma","Management of stress, Troubleshooting, Management of time, Strategic planning",110004,Rodello,Portoghese,True,False,Portoghese
103,Financial analyst,PhD,24,14,"Economics, Risk Management","Critical analysis, Attention to detail, Management of stress",33510,Bedizzole,Italiano,True,True,Italiano
104,Financial consultant,Bachelor D.,69,2,"Actions, Economics","Persuasive communication, Empathy, Customer orientation, Precision, Attention to detail",40011,San Pietro Clarenza,Inglese,False,False,"Inglese, Italiano, Russo"
105,Operation manager,Degree,26,21,"Lean management , Quality Control, Six Sigma, Management of operations, Logistics","Management of time, Troubleshooting",110005,Sommariva Perno,Danese,True,False,"Danese, Italiano"
106,Lawyer,Degree,44,24,"Negotiation, Procedural right, Criminal Law, Legal Research, Civil Law","Argumentation, Persuasive communication",34995,Merone,Italiano,False,True,"Italiano, Brasiliano, Tunisino"
107,HR Consultant,Bachelor D.,47,15,"Organisational development, Analysis of data, Labour legislation","Management of stress, Ability to listen, Coaching",35000,Origgio,Italiano,True,True,"Italiano, Russo, Inglese"
108,Asset manager,Degree,51,9,"Management of the portfolio, Financial planning, Investments, Investments, Economics","Strategic Thinking, Attention to detail, Negotiation, Customer orientation",45004,Valdengo,Israeliano,False,True,"Israeliano, Italiano"
109,Web Developer,Degree,21,4,"Ruby, HTML, Python, SQL, Design patterns","Innovation, Flexibility, Ability to manage stress, Teamwork",44995,Zelbio,Italiano,True,True,"Italiano, Danese"
110,Teacher,Degree,55,28,"Music, Geograpy, Office suite","Patience, Empathy, Communication",19000,Camerano Casasco,Italiano,False,True,Italiano
111,Data Scientist,Master D.,21,9,"PyTorch, R, Machine Learning","Analytical thinking, effective communication",33004,Vimercate,Tedesco,True,True,Tedesco
112,Marketing manager,Degree,64,6,"Market research, CMS, Management of the brand","Leadership, Creativity",72499,Vaglia,Irlandese,True,False,Irlandese
113,Nurse,Degree,28,15,"Anatomy, Medical emergencies, Health care, Patient Management, Administration of drugs","Organisation, Empathy, Professional ethics, Flexibility, Management of stress",30006,Asolo,Statunitense,False,True,Statunitense
114,Manager,Degree,23,24,"Strategic planning, Team Management, Market expertise, Negotiation","Analytical thinking, Empathy, Effective communication, Leadership",79995,Fanano,Italiano,False,False,Italiano
115,Risk expert,Bachelor D.,45,7,"Management of the crisis, Environmental risk, Data analysis","Decision making, Management of stress",35504,Cesaro',Tedesco,False,True,"Tedesco, Portoghese"
116,Risk expert,Degree,36,6,"Data analysis, Environmental risk","Analytical thinking, Management of stress, Decision making",35507,Falzes,Italiano,False,False,"Italiano, Inglese"
117,HR Consultant,Bachelor D.,32,8,"HR Management, Industrial relations","Empathy, Negotiation, Management of the conflict",34994,Cavasso Nuovo,Argentino,True,False,Argentino
118,Nurse,Degree,34,11,"Patient Management, Pharmacology, Administration of drugs","Management of stress, Flexibility",29984,Sant'Eufemia d'Aspromonte,Italiano,False,True,"Italiano, Argentino, Danese"
119,Teacher,Researcher,38,21,"Sciences, Music, History, Mathematics","Patience, Communication",19016,Feroleto della Chiesa,Canadese,False,True,"Canadese, Inglese, Italiano"
120,Asset manager,PhD,35,12,"Management of the portfolio, Financial analysis","Attention to detail, Customer orientation, Strategic Thinking, Negotiation",44991,Borgomezzavalle,Francese,False,True,"Francese, Danese, Inglese"
121,Nurse specialist,Master D.,41,12,"Monitoring of patients, Intensive Care Unit","Organisation, Empathy, Management of emergencies",42500,Auronzo di Cadore,Inglese,False,False,"Inglese, Italiano"
122,Surgeon,Bachelor D.,39,26,"Specialized surgical procedures, Operating block management, General Surgery","Management of stress, Teamwork, Precision, Patience, Decision making",79989,Molino dei Torti,Italiano,False,False,Italiano
123,Surgeon,Bachelor D.,58,6,"Surgical Anatomy, Surgical physiology, Operating block management","Management of stress, Ethics, Precision, Patience",79985,Azzano San Paolo,Messicano,False,True,"Messicano, Canadese, Turco"
124,HR Consultant,Degree,30,6,"Labour legislation, Recruitment, Training and development","Management of the conflict, Negotiation, Management of stress, Coaching, Empathy",35017,Beverino,Italiano,True,True,Italiano
125,Legal consultant,Degree,45,10,"Negotiation, Tax legislation","Capacity for research, Negotiation, Customer orientation",32502,Sant'Andrea Frius,Italiano,False,True,"Italiano, Inglese, Danese"
126,Computer security analyst,Bachelor D.,41,15,"Incident Management, SELinux","Collaboration, Critical thinking, Innovation, Adaptability, Troubleshooting",79981,Santa Venerina,Pakistano,True,False,"Pakistano, Tunisino, Tedesco"
127,Nurse,Researcher,42,3,"Pharmacology, Administration of drugs, Health care","Flexibility, Professional ethics, Empathy, Communication",29999,Bajardo,Danese,False,False,"Danese, Cinese, Inglese"
128,X-ray technician,Degree,40,14,"Use of imaging equipment, X-ray and scan reading, Preparation of patients","Communication, Empathy, Speed of learning",23504,Landiona,Finlandese,False,False,Finlandese
129,Developer,PhD,20,6,"SQL, C++","Creativity, Collaboration, Innovation",43004,Montefusco,Inglese,True,True,"Inglese, Francese, Venezuelano"
130,Designer,Bachelor D.,24,7,"Blender, Figma","Creativity, Innovation, Adaptability, Empathy",36007,Ravarino,Inglese,True,True,"Inglese, Pakistano, Tedesco"
131,Data analyst,Bachelor D.,63,17,"Root, Database, SQL, Microsoft Excel, MATLAB","Clear communication, Critical analysis",34996,Asiago,Irlandese,True,True,"Irlandese, Danese"
132,Doctor,PhD,69,25,"Anatomy, Diagnosis, Prevention, Pathology","Attention to the patient, Empathic communication, Patience",52506,Ravenna,Tunisino,False,True,"Tunisino, Lituano"
133,Doctor,PhD,41,5,"Interpretation of the results, Diagnosis, Pathology, Pharmacology, Therapy","Empathic communication, Teamwork, Ethics, Patience",52496,Ortignano Raggiolo,Francese,False,False,"Francese, Italiano, Pakistano"
134,HR Consultant,Degree,45,14,"Recruitment, Organisational development, Labour legislation, Analysis of data, Selection and evaluation techniques","Management of stress, Ability to listen, Coaching, Empathy",35011,Predosa,Italiano,True,True,Italiano
135,Asset manager,PhD,21,10,"Investments, Investments","Attention to detail, Negotiation, Strategic Thinking, Customer orientation",44999,Moiano,Israeliano,False,False,Israeliano
136,Financial consultant,Master D.,34,19,"Investments, Economics, Financial markets","Empathy, Attention to detail, Precision, Customer orientation",40008,Torre San Patrizio,Italiano,False,False,"Italiano, Colombiano, Canadese"
137,Market analyst,Bachelor D.,49,5,"Models of business, Market research","Customer orientation, Problem solving, Effective presentation, Teamwork, Adaptability",39005,Tarantasca,Italiano,True,True,Italiano
138,Risk expert,Bachelor D.,34,15,"Management of the crisis, Assessment of risk, Analysis of financial security policies, Management of losses","Decision making, Analytical thinking, Management of stress",35499,Sperlonga,Egiziano,False,True,Egiziano
139,Market analyst,Bachelor D.,41,6,"Analysis of data, Models of business, Market research, Analysis of competitors, Forecast","Critical thinking, Problem solving",39009,Telti,Irlandese,True,False,"Irlandese, Italiano"
140,Designer,Researcher,52,3,"Sketch, Blender, Prototyping, Figma, Adobe After Effect","Creativity, Innovation, Critical thinking, Adaptability, Empathy",35998,Garlate,Lituano,True,True,"Lituano, Italiano, Italiano"
141,Nurse specialist,Degree,59,18,"Intensive Care Unit, Administration of drugs, Specialized nursing assistance, Monitoring of patients, Oncology","Empathy, Organisation, Management of emergencies",42495,Salerano Canavese,Colombiano,False,False,Colombiano
142,Asset manager,Master D.,61,25,"Financial planning, Investments, Management of the portfolio, Economics","Negotiation, Attention to detail, Customer orientation, Strategic Thinking",44998,Boissano,Italiano,False,True,"Italiano, Norvegese"
143,Manager,Master D.,49,15,"Market expertise, Team Management, Negotiation, Strategic planning","Adaptability, Innovation, Empathy, Analytical thinking, Leadership",80005,Santa Marina Salina,Italiano,False,True,"Italiano, Statunitense, Colombiano"
144,Developer,Bachelor D.,46,0,"C, Java, Python, SQL","Creativity, Collaboration, Retail aptitude, Professional Ethic, Flexibility",43006,Montelanico,Italiano,True,True,Italiano
145,Web Developer,PhD,54,6,"SQL, HTML","Flexibility, Ability to manage stress",44998,Fontana Liri,Cubano,True,True,"Cubano, Canadese"
146,X-ray technician,Bachelor D.,23,15,"Use of imaging equipment, Preparation of patients, Radiological safety, X-ray and scan reading","Confidentiality, Speed of learning, Organizational skills",23485,Francavilla al Mare,Inglese,False,True,Inglese
147,Teacher,Degree,44,10,"Gym, Geograpy, Chemistry, Music","Communication, Empathy, Patience",18973,Massa Fermana,Venezuelano,False,False,Venezuelano
148,Pharmacist,Degree,38,18,"Management of the cash, Information on drugs, Preparation of drugs","Precision, Empathy, Attention to the customer",23483,Pareto,Argentino,False,True,Argentino
149,Architectural engineer,Researcher,31,15,"Structural analysis, Solidworks","Management of time, Collaboration",40011,Gorzegno,Italiano,True,True,"Italiano, Norvegese, Argentino"
150,Pharmacist,Bachelor D.,27,4,"Control of prescriptions, Preparation of drugs, Management of the cash, Information on drugs, Pharmacology","Organizational skills, Precision, Knowledge of regulations, Empathy, Attention to the customer",23510,Mercato Saraceno,Italiano,False,False,Italiano
151,Surgeon,Degree,41,28,"Surgical physiology, Surgical Anatomy, General Surgery, Operating block management","Teamwork, Ethics",79987,Costigliole d'Asti,Israeliano,False,True,Israeliano
152,Teacher,Bachelor D.,28,16,"Gym, Physics, French, Geograpy, Art","Empathy, Patience",18999,Piana Crixia,Italiano,False,False,Italiano
153,Surgeon,Researcher,40,6,"Surgical physiology, Medical imaging, Operating block management","Teamwork, Management of stress, Patience, Ethics, Decision making",79999,Augusta,Turco,False,False,"Turco, Cinese, Irlandese"
154,Financial analyst,Bachelor D.,68,14,"Economic Law, Risk Management, Financial analysis","Problem solving, Critical analysis, Attention to detail, Management of stress",33491,Viterbo,Italiano,True,False,"Italiano, Tedesco, Inglese"
155,System administrator,Bachelor D.,44,13,"Cyber Security, Windows Server, SMTP, Linux, Cloud management","Management of emergencies, Patience, Troubleshooting",37494,Malo,Lituano,False,True,Lituano
156,Computer security analyst,Researcher,43,7,"Keepass, SELinux, Analysis of vulnerabilities","Innovation, Adaptability, Collaboration",79977,Mercato Saraceno,Italiano,True,True,Italiano
157,System administrator,Bachelor D.,50,7,"SMTP, Unix","Management of emergencies, Patience",37505,Sommariva Perno,Francese,False,True,Francese
158,Operation manager,Degree,24,12,"Microsoft Excel, Logistics, ERP","Strategic planning, Troubleshooting, Management of time",109984,Lisciano Niccone,Italiano,True,True,"Italiano, Lituano, Francese"
159,Asset manager,Bachelor D.,62,25,"Investments, Financial planning, Investments, Management of the portfolio","Customer orientation, Attention to detail, Strategic Thinking",44997,Sassuolo,Italiano,False,False,"Italiano, Colombiano"
160,Teacher,PhD,62,19,"Mathematics, Art, Computer science, Gym","Empathy, Communication, Patience",18985,Vedeseta,Cinese,False,True,"Cinese, Irlandese, Italiano"
161,Manager,Researcher,31,15,"Team Management, Market expertise, Strategic planning","Empathy, Analytical thinking",80010,Teora,Italiano,False,False,"Italiano, Francese"
162,Operation manager,Bachelor D.,54,19,"Lean management , Six Sigma, Microsoft Excel","Management of time, Strategic planning",109981,Fiumicino,Italiano,True,False,"Italiano, Tedesco"
163,Market analyst,PhD,57,10,"Analysis of trends, Market research","Adaptability, Customer orientation, Teamwork",39010,Civitanova Marche,Turco,True,False,"Turco, Danese"
164,Financial consultant,Degree,60,2,"Economics, Commercial Law, Personal financial planning, Actions, Insurance","Empathy, Persuasive communication, Customer orientation, Attention to detail, Precision",39998,Cittaducale,Irlandese,False,False,"Irlandese, Italiano, Turco"
165,Manager,Degree,64,9,"Market expertise, Negotiation, Strategic planning","Analytical thinking, Adaptability, Effective communication",79989,Civitanova del Sannio,Italiano,False,True,Italiano
166,Computer security analyst,Bachelor D.,35,15,"GnuPG, Cryptography","Adaptability, Critical thinking",79990,Giffoni Sei Casali,Italiano,True,True,"Italiano, Argentino"
167,System administrator,Degree,31,7,"Cyber Security, Cloud management, Windows Server, Linux, HTTP","Patience, Troubleshooting, Management of emergencies",37477,Piubega,Norvegese,False,True,"Norvegese, Irlandese, Venezuelano"
168,Lawyer,PhD,58,12,"Procedural right, Legal Research","Persuasive communication, Communication skills",34994,Pareto,Francese,False,False,"Francese, Cubano"
169,Doctor,PhD,23,14,"Anatomy, Interpretation of the results, Diagnosis, Therapy, Pharmacology","Attention to the patient, Patience, Empathic communication",52494,Carpegna,Argentino,False,False,"Argentino, Italiano"
170,Architect,PhD,20,3,"Rhinoceros 3D, EnergyPlus, BIM","Effective communication, Attention to detail, Collaboration, Creativity",42493,Buccino,Canadese,True,False,"Canadese, Inglese"
171,HR Consultant,Bachelor D.,21,13,"Industrial relations, HR Management, Organisational development, Selection and evaluation techniques, Recruitment","Ability to listen, Management of stress, Coaching, Management of the conflict, Negotiation",35014,Bonarcado,Inglese,True,False,Inglese
172,System administrator,Degree,55,2,"Cyber Security, Windows Server, Unix, SMTP, Linux","Management of emergencies, Patience, Troubleshooting",37516,Villafranca Padovana,Tunisino,False,False,"Tunisino, Inglese"
173,Lawyer,Bachelor D.,39,29,"Criminal Law, Legal system, Civil Law, Procedural right, Negotiation","Persuasive communication, Argumentation, Communication skills, Analytical skills",34999,Signa,Inglese,False,False,"Inglese, Tunisino, Francese"
174,Doctor,Degree,59,13,"Pathology, Interpretation of the results, Therapy, Management of patients","Empathic communication, Patience",52507,Albera Ligure,Tedesco,False,True,Tedesco
175,Financial consultant,Researcher,39,16,"Insurance, Personal financial planning","Attention to detail, Precision, Empathy, Persuasive communication, Customer orientation",40008,Stigliano,Portoghese,False,False,Portoghese
176,Asset manager,Degree,65,9,"Economics, Financial analysis, Investments","Negotiation, Attention to detail, Customer orientation, Strategic Thinking",44996,Sarsina,Norvegese,False,False,"Norvegese, Argentino, Finlandese"
177,Lawyer,Bachelor D.,25,30,"Legal Research, Legal system, Procedural right, Criminal Law, Civil Law","Analytical skills, Communication skills, Critical thinking",34995,Azzano San Paolo,Cinese,False,True,Cinese
178,Computer security analyst,Master D.,61,8,"Incident Management, Cyber Security, SELinux, Analysis of vulnerabilities","Innovation, Adaptability, Collaboration, Critical thinking, Troubleshooting",79995,San Piero Patti,Italiano,True,False,"Italiano, Inglese, Brasiliano"
179,Operation manager,Bachelor D.,49,25,"Optimization of processes, Logistics","Troubleshooting, Management of time",109993,Sesto Calende,Tunisino,True,True,"Tunisino, Portoghese"
180,Lawyer,Bachelor D.,26,4,"Legal Research, Legal system","Critical thinking, Communication skills, Analytical skills",34984,Bianchi,Brasiliano,False,True,Brasiliano
181,HR Consultant,Bachelor D.,27,3,"Industrial relations, Selection and evaluation techniques, Recruitment, Training and development, Organisational development","Coaching, Empathy",35009,Lograto,Egiziano,True,False,Egiziano
182,Financial consultant,Bachelor D.,52,20,"Personal financial planning, Economics","Customer orientation, Empathy, Precision, Attention to detail, Persuasive communication",39997,Sant'Ilario d'Enza,Colombiano,False,False,"Colombiano, Inglese, Brasiliano"
183,Manager,Degree,26,22,"Negotiation, Strategic planning, Team Management, Market expertise","Analytical thinking, Empathy, Innovation, Leadership, Adaptability",80001,Pachino,Turco,False,False,"Turco, Italiano"
184,Computer security analyst,Bachelor D.,48,7,"Cryptography, Cyber Security, Security of the networks","Adaptability, Collaboration, Troubleshooting",79999,Nureci,Pakistano,True,True,Pakistano
185,Asset manager,Degree,64,13,"Investments, Management of the portfolio, Financial analysis, Investments","Negotiation, Attention to detail, Strategic Thinking, Customer orientation",44995,Civitanova Marche,Norvegese,False,True,Norvegese
186,Teacher,Degree,28,30,"English, Physics, Physical education, Art, Office suite","Patience, Communication, Empathy",19004,Albaredo per San Marco,Italiano,False,True,"Italiano, Lituano"
187,Pharmacist,Bachelor D.,44,3,"Preparation of drugs, Management of the cash, Pharmacology, Information on drugs","Precision, Organizational skills, Attention to the customer",23495,Pachino,Italiano,False,False,"Italiano, Statunitense"
188,Data Scientist,Bachelor D.,41,6,"SQL, Statistical, TensorFlow","Teamwork, Analytical thinking, effective communication",33002,Camugnano,Portoghese,True,False,"Portoghese, Italiano"
189,Nurse,Degree,62,5,"Health care, Administration of drugs","Management of stress, Flexibility, Communication, Empathy",30000,Trescore Balneario,Inglese,False,False,Inglese
190,Risk expert,Bachelor D.,26,15,"Environmental risk, Financial risk, Assessment of risk, Management of losses","Analytical thinking, Management of stress, Decision making",35480,Sarsina,Inglese,False,False,"Inglese, Tedesco, Italiano"
191,Market analyst,Degree,49,14,"Strategies of the market, Analysis of data, Market research","Customer orientation, Effective presentation, Problem solving",38999,Pieve Albignola,Statunitense,True,False,Statunitense
192,Surgeon,Master D.,32,5,"Surgical physiology, Medical imaging, Specialized surgical procedures","Ethics, Precision, Patience, Decision making",79993,Valstagna,Pakistano,False,False,Pakistano
193,Web Developer,PhD,40,6,"PHP, HTML","Innovation, Ability to manage stress, Problem solving, Effective communication",45008,Ventotene,Italiano,True,False,"Italiano, Statunitense"
194,Doctor,PhD,51,14,"Diagnosis, Therapy","Patience, Ethics, Teamwork, Empathic communication, Attention to the patient",52490,Martignana di Po,Italiano,False,True,"Italiano, Finlandese"
195,System administrator,PhD,43,4,"HTTP, Unix, Cyber Security, SMTP, Windows Server","Management of emergencies, Patience, Troubleshooting",37496,Capranica Prenestina,Italiano,False,True,"Italiano, Tedesco, Tunisino"
196,Nurse,Researcher,22,13,"Administration of drugs, Medical emergencies, Health care","Communication, Empathy, Organisation, Flexibility, Professional ethics",30001,Sanarica,Lituano,False,False,"Lituano, Italiano, Venezuelano"
197,Architect,Bachelor D.,30,2,"BIM, Vectorworks, EnergyPlus","Collaboration, Spatial thought, Effective communication, Attention to detail, Creativity",42498,San Massimo,Italiano,True,True,"Italiano, Inglese"
198,Operation manager,PhD,42,20,"Microsoft Excel, Management of operations, Logistics, Optimization of processes, Lean management ","Troubleshooting, Management of stress, Strategic planning",109985,Castellazzo Bormida,Canadese,True,True,"Canadese, Finlandese"
199,Therapist,Degree,68,9,"Psychological evaluation, Psychopharmacology, Ethics, Theories of Behavior, Cognitive behavioral therapy","Problem solving, Active listening, Empathy, Ethics",23514,Cervia,Francese,False,False,Francese
