Id,Job,Education,SmartWork,Experience_abroad,Nationality,City,Skills,Softkills,Age,Experience,Ideal_Salary,Language
0,Nurse,Degree,False,True,Italiano,Chianocco,"Pharmacology, Anatomy, Health care, Administration of drugs","Flexibility, Communication",36,1,34147,Italiano
1,Therapist,Bachelor D.,False,False,Messicano,Carpegna,"Ethics, Cognitive behavioral therapy, Confidentiality","Active listening, Relational Skills",58,13,30000,"Messicano, Canadese"
2,Marketing manager,Bachelor D.,True,False,Messicano,Malles Venosta,"Management of the brand, Market research, CMS, Strategies of marketing, Hootsuite","Creativity, Critical thinking, Management of the team",30,1,54407,"Messicano, Tedesco"
3,Nurse,PhD,False,True,Tedesco,Filottrano,"Pharmacology, Medical emergencies","Empathy, Flexibility",28,0,29988,Tedesco
4,Marketing manager,PhD,True,False,Italiano,Castelcucco,"Market research, Hootsuite, Google Analytics","Leadership, Adaptability",43,1,60314,Italiano
5,Marketing manager,PhD,False,True,Canadese,Forli' del Sannio,"Management of the brand, Strategies of marketing, Hootsuite, CMS","Adaptability, Management of the team, Creativity, Leadership",52,2,33409,"Canadese, Norvegese, Italiano"
6,Manager,Degree,False,True,Danese,Magre' sulla strada del vino,"Team Management, Market expertise, Strategic planning, Negotiation","Effective communication, Leadership",44,3,81995,Danese
7,X-ray technician,Bachelor D.,False,True,Pakistano,Mezzana Bigli,"Use of imaging equipment, Radiological safety, Preparation of patients","Precision, Confidentiality, Empathy",47,17,30000,Pakistano
8,Asset manager,Degree,False,False,Italiano,Albaredo per San Marco,"Management of the portfolio, Financial planning, Economics","Negotiation, Customer orientation, Attention to detail, Strategic Thinking",50,5,54976,Italiano
9,Pharmacist,Master D.,False,False,Inglese,Capriolo,"Preparation of drugs, Dispensing of drugs","Attention to the customer, Communication, Precision, Knowledge of regulations, Organizational skills",31,0,24037,"Inglese, Cinese"
10,Therapist,Researcher,False,False,Italiano,Castiglione del Lago,"Cognitive behavioral therapy, Psychological evaluation","Ethics, Empathy, Active listening, Confidentiality",48,12,30000,"Italiano, Francese, Inglese"
11,Therapist,Bachelor D.,False,False,Egiziano,Rivalba,"Counseling, Theories of Behavior","Active listening, Confidentiality",48,13,30000,Egiziano
12,Data analyst,Degree,True,False,Italiano,Pelugo,"MATLAB, Statistics, SQL, Root","Proactivity, Critical analysis, Creativity, Clear communication, Problem solving",40,8,45621,"Italiano, Egiziano, Venezuelano"
13,Manager,Degree,False,True,Tunisino,Sant'Eufemia d'Aspromonte,"Market expertise, Strategic planning, Negotiation, Team Management","Innovation, Leadership, Adaptability",49,17,112646,"Tunisino, Cinese"
14,Financial analyst,Researcher,False,True,Lituano,Cagno,"Financial analysis, Economic Law, Investment","Attention to detail, Problem solving, Effective communication, Critical analysis",35,4,31572,"Lituano, Italiano, Italiano"
15,System administrator,Degree,False,False,Statunitense,Fiumicino,"HTTP, Cloud management, Windows Server","Troubleshooting, Patience, Management of emergencies",26,1,46701,"Statunitense, Cubano, Italiano"
16,Operation manager,Bachelor D.,False,True,Francese,Cansano,"ERP, Quality Control, Microsoft Excel, Logistics","Management of time, Management of stress, Strategic planning, Troubleshooting",39,7,118794,"Francese, Irlandese"
17,Marketing manager,Master D.,False,True,Italiano,Lograto,"Hootsuite, CMS, Google Analytics, Management of the brand, Planning of campaigns","Critical thinking, Leadership, Adaptability, Management of the team",30,2,46070,"Italiano, Venezuelano"
18,Manager,Bachelor D.,False,True,Italiano,Valle di Casies,"Team Management, Strategic planning, Negotiation","Innovation, Leadership, Adaptability, Effective communication",30,0,90504,"Italiano, Tunisino"
19,Asset manager,Bachelor D.,False,False,Italiano,Azzano San Paolo,"Economics, Investments, Financial analysis","Attention to detail, Strategic Thinking, Negotiation",50,11,54296,"Italiano, Francese, Israeliano"
20,Teacher,Bachelor D.,False,True,Portoghese,Calasetta,"History, Italian, Art","Empathy, Patience, Communication",40,12,23000,"Portoghese, Italiano"
21,Architectural engineer,Bachelor D.,False,False,Francese,Pieve Albignola,"Solidworks, Structural analysis, Design, AutoCAD","Troubleshooting, Creativity, Decision-making capacity, Communication",28,2,43489,"Francese, Inglese, Italiano"
22,Legal consultant,Degree,False,False,Italiano,San Vito,"Civil Law, Tax legislation, Procedural right, Intellectual property","Management of stress, Integrity",29,0,44138,"Italiano, Venezuelano"
23,Financial analyst,Degree,True,True,Italiano,Spinete,"Risk Management, Investment, Assessment of investments, Financial markets","Management of stress, Problem solving, Critical analysis, Attention to detail",35,7,44000,"Italiano, Cinese, Inglese"
24,X-ray technician,Bachelor D.,False,False,Irlandese,Vadena,"Use of imaging equipment, Radiological safety, Preparation of patients","Confidentiality, Empathy, Organizational skills, Communication",32,7,28484,Irlandese
25,Operation manager,Bachelor D.,False,False,Italiano,Vallio Terme,"Quality Control, ERP, Microsoft Excel, Optimization of processes, Logistics","Management of time, Management of stress",57,11,140918,"Italiano, Danese, Russo"
26,Financial analyst,Degree,False,True,Italiano,Moggio,"Economics, Financial markets, Investment, Economic Law","Management of stress, Attention to detail, Effective communication",41,6,36581,Italiano
27,Therapist,PhD,False,False,Israeliano,Mafalda,"Ethics, Psychological evaluation","Confidentiality, Ethics, Relational Skills",56,2,23182,"Israeliano, Italiano, Danese"
28,Asset manager,Bachelor D.,False,True,Inglese,Pietracatella,"Financial analysis, Financial planning, Economics, Management of the portfolio, Investments","Negotiation, Attention to detail, Strategic Thinking",53,12,57042,"Inglese, Finlandese"
29,Asset manager,Bachelor D.,False,True,Italiano,Casalattico,"Economics, Financial analysis, Investments, Investments, Management of the portfolio","Negotiation, Attention to detail, Strategic Thinking, Customer orientation",45,3,43071,"Italiano, Canadese, Irlandese"
30,Risk expert,Degree,False,False,Brasiliano,Vistrorio,"Management of the crisis, Financial risk, Analysis of financial security policies, Assessment of risk, Management of losses","Decision making, Analytical thinking, Management of stress",32,1,39701,"Brasiliano, Francese"
31,Financial analyst,Bachelor D.,False,False,Tedesco,Graglia,"Financial analysis, Financial markets, Assessment of investments","Effective communication, Critical analysis, Attention to detail",32,5,31757,"Tedesco, Inglese"
32,Marketing manager,Degree,False,True,Egiziano,Ventotene,"Hootsuite, Market research","Management of the team, Critical thinking, Leadership, Creativity, Adaptability",33,4,57363,"Egiziano, Italiano, Lituano"
33,Doctor,Degree,False,True,Argentino,Casella,"Pharmacology, Management of patients, Interpretation of the results, Prevention, Therapy","Patience, Attention to the patient, Teamwork, Ethics",46,5,48277,"Argentino, Inglese, Irlandese"
34,Asset manager,Bachelor D.,False,True,Russo,Stezzano,"Management of the portfolio, Financial planning, Economics, Investments, Financial analysis","Negotiation, Attention to detail, Strategic Thinking",46,7,55787,Russo
35,Data analyst,PhD,True,False,Pakistano,San Pietro Clarenza,"Data Mining, SAS","Creativity, Clear communication",27,0,40522,"Pakistano, Italiano"
36,Web Developer,Bachelor D.,False,True,Norvegese,Parenti,"SQL, SQL, Angular, Design patterns, Ruby","Flexibility, Effective communication, Innovation, Problem solving",33,5,53993,Norvegese
37,Marketing manager,Master D.,False,False,Italiano,Cansano,"Planning of campaigns, CMS","Ability to adapt to new technologies, Leadership, Adaptability, Management of the team, Critical thinking",35,6,52440,"Italiano, Messicano, Francese"
38,Architectural engineer,Bachelor D.,False,True,Italiano,Trevi,"ANSYS, MATLAB, Solidworks, Design","Decision-making capacity, Creativity",36,9,39002,Italiano
39,Teacher,Degree,False,True,Irlandese,Novedrate,"Gym, Physical education, Mathematics, French, Geograpy","Patience, Empathy, Communication",30,4,21398,"Irlandese, Italiano"
40,Legal consultant,Bachelor D.,False,True,Italiano,Pachino,"Right to Work, Negotiation, Procedural right, Intellectual property","Ethics, Integrity",45,13,43489,Italiano
41,Pharmacist,Bachelor D.,False,False,Italiano,Recetto,"Information on drugs, Dispensing of drugs, Preparation of drugs, Control of prescriptions, Pharmacology","Attention to the customer, Precision, Empathy",49,15,30000,Italiano
42,Nurse,Degree,False,True,Tedesco,Grezzago,"Pharmacology, Patient Management, Anatomy, Administration of drugs, Health care","Communication, Empathy, Management of stress, Flexibility, Professional ethics",40,6,36124,"Tedesco, Francese, Italiano"
43,HR Consultant,Degree,False,False,Italiano,San Clemente,"Analysis of data, Organisational development","Coaching, Ability to listen, Negotiation, Management of stress",30,3,30788,Italiano
44,Lawyer,Bachelor D.,False,False,Italiano,Mordano,"Criminal Law, Negotiation","Persuasive communication, Critical thinking, Communication skills",29,0,20610,"Italiano, Francese, Inglese"
45,Web Developer,Degree,True,False,Italiano,Bisceglie,"Python, XAMPP","Flexibility, Innovation",44,19,58680,Italiano
46,Nurse,Bachelor D.,False,False,Tedesco,Senerchia,"Pharmacology, Health care, Medical emergencies","Communication, Flexibility, Management of stress",29,4,36477,"Tedesco, Italiano, Inglese"
47,Pharmacist,Bachelor D.,False,False,Italiano,Fiave',"Control of prescriptions, Management of the cash","Organizational skills, Knowledge of regulations, Empathy, Precision",51,20,30000,"Italiano, Inglese, Cinese"
48,Computer security analyst,Bachelor D.,True,False,Danese,Gerenzano,"Keepass, Security of the networks","Collaboration, Troubleshooting, Innovation, Critical thinking",41,7,71538,"Danese, Italiano, Portoghese"
49,Pharmacist,Bachelor D.,False,False,Italiano,Pojana Maggiore,"Information on drugs, Management of the cash","Organizational skills, Communication, Precision",52,16,30000,"Italiano, Tedesco, Egiziano"
50,Lawyer,Degree,False,False,Turco,Gambolo',"Legal Research, Legal system, Procedural right, Civil Law, Negotiation","Argumentation, Critical thinking, Analytical skills, Persuasive communication, Communication skills",59,19,49194,"Turco, Inglese, Egiziano"
51,System administrator,Degree,False,False,Italiano,Tarzo,"SMTP, Unix","Patience, Troubleshooting, Management of emergencies",45,3,34613,"Italiano, Tedesco, Russo"
52,Computer security analyst,PhD,False,False,Norvegese,Sessame,"Cryptography, GnuPG, Analysis of vulnerabilities, Security of the networks, Keepass","Critical thinking, Troubleshooting, Adaptability, Collaboration",37,10,76199,"Norvegese, Francese"
53,Marketing manager,Degree,False,True,Italiano,Chianciano Terme,"Strategies of marketing, Market research","Adaptability, Critical thinking, Leadership, Creativity",39,9,106913,"Italiano, Cubano"
54,Nurse,Degree,False,True,Italiano,Monte San Giacomo,"Patient Management, Pharmacology, Administration of drugs","Communication, Empathy, Management of stress",43,12,37132,"Italiano, Finlandese"
55,Pharmacist,Degree,False,False,Inglese,Cordignano,"Control of prescriptions, Dispensing of drugs, Pharmacology, Information on drugs, Management of the cash","Empathy, Knowledge of regulations, Communication, Attention to the customer",30,5,23072,"Inglese, Italiano"
56,Financial analyst,PhD,True,False,Argentino,San Marzano Oliveto,"Financial markets, Investment","Problem solving, Effective communication",29,1,27444,Argentino
57,Surgeon,Degree,False,False,Inglese,Vaglio Basilicata,"Surgical Anatomy, Specialized surgical procedures, Operating block management, General Surgery, Surgical physiology","Precision, Ethics, Patience, Decision making, Teamwork",49,15,116486,"Inglese, Italiano, Cubano"
58,X-ray technician,Degree,False,False,Irlandese,Celle Ligure,"Preparation of patients, X-ray and scan reading, Radiological safety, Use of imaging equipment","Organizational skills, Attention to detail, Confidentiality",47,11,30000,Irlandese
59,Data Scientist,Bachelor D.,True,False,Inglese,Rivalba,"SQL, Machine Learning, Statistical, TensorFlow, Python","effective communication, Innovation, Analytical thinking, Teamwork, Solving the problems",34,8,43405,Inglese
60,Financial analyst,Degree,False,True,Messicano,Paisco Loveno,"Investment, Economics, Risk Management, Assessment of investments","Management of stress, Problem solving, Attention to detail, Critical analysis",37,0,28415,Messicano
61,Asset manager,Bachelor D.,False,False,Inglese,Montefusco,"Financial analysis, Financial planning, Economics, Management of the portfolio, Investments","Customer orientation, Strategic Thinking, Attention to detail",38,4,59743,Inglese
62,Financial consultant,Degree,False,False,Pakistano,Senerchia,"Insurance, Investments, Commercial Law","Customer orientation, Empathy, Attention to detail",38,1,54893,"Pakistano, Messicano"
63,Architect,Bachelor D.,False,False,Brasiliano,Ripa Teatina,"Revit, AutoCAD, Architectural design","Spatial thought, Creativity",38,2,57880,Brasiliano
64,Marketing manager,Researcher,False,False,Colombiano,Dolegna del Collio,"Market research, Planning of campaigns, Management of the brand, Hootsuite","Management of the team, Critical thinking, Ability to adapt to new technologies, Adaptability, Leadership",37,1,114139,"Colombiano, Argentino, Italiano"
65,Doctor,Master D.,False,False,Brasiliano,Moggio,"Therapy, Pathology","Ethics, Teamwork, Empathic communication, Patience, Attention to the patient",40,7,79881,"Brasiliano, Turco, Colombiano"
66,Legal consultant,Master D.,False,False,Norvegese,Cornegliano Laudense,"Right to Work, Civil Law","Capacity for research, Ethics",39,7,38611,"Norvegese, Inglese"
67,Legal consultant,Master D.,False,True,Italiano,Voltido,"Contracts, Intellectual property","Management of stress, Ethics, Customer orientation, Integrity, Negotiation",50,12,40719,"Italiano, Canadese, Inglese"
68,Lawyer,Bachelor D.,False,False,Cinese,Rocca Grimalda,"Legal system, Negotiation, Legal Research","Critical thinking, Communication skills, Persuasive communication, Analytical skills",43,2,42150,"Cinese, Italiano, Italiano"
69,Operation manager,Bachelor D.,False,False,Messicano,Sant'Eufemia d'Aspromonte,"ERP, Optimization of processes","Strategic planning, Troubleshooting, Management of time, Management of stress",56,16,148816,"Messicano, Italiano"
70,Pharmacist,Bachelor D.,False,False,Messicano,Zignago,"Dispensing of drugs, Control of prescriptions, Management of the cash, Information on drugs","Organizational skills, Attention to the customer, Empathy",54,1,21954,"Messicano, Statunitense"
71,Lawyer,Degree,False,False,Italiano,Rivalba,"Negotiation, Civil Law, Procedural right","Persuasive communication, Communication skills, Analytical skills, Argumentation",44,3,31010,"Italiano, Tedesco"
72,Legal consultant,Degree,False,False,Italiano,Valfenera,"Right to Work, Civil Law, Criminal Law","Customer orientation, Integrity",29,1,29676,"Italiano, Inglese, Canadese"
73,Teacher,Master D.,False,True,Statunitense,Roure,"Office suite, Italian, Physical education, Music, Art","Empathy, Patience, Communication",45,5,22839,"Statunitense, Italiano"
74,Teacher,Degree,False,True,Statunitense,Recetto,"French, Computer science, History, Geograpy","Empathy, Patience, Communication",35,2,17197,Statunitense
75,Financial consultant,Bachelor D.,False,False,Brasiliano,Calci,"Insurance, Personal financial planning, Actions, Commercial Law","Attention to detail, Empathy",29,4,49206,Brasiliano
76,Risk expert,Degree,False,True,Inglese,Motta Camastra,"Management of the crisis, Financial risk","Analytical thinking, Decision making, Management of stress",29,0,36198,"Inglese, Italiano"
77,Data analyst,Degree,True,True,Italiano,Miggiano,"MATLAB, Statistics","Problem solving, Proactivity, Critical analysis, Clear communication, Creativity",39,9,41601,"Italiano, Irlandese, Tedesco"
78,Teacher,Bachelor D.,False,True,Italiano,Miggiano,"French, Italian, Art, Geograpy","Patience, Communication, Empathy",35,3,20953,Italiano
79,Manager,Bachelor D.,False,False,Messicano,Pietra de' Giorgi,"Strategic planning, Market expertise, Team Management","Leadership, Effective communication, Analytical thinking, Adaptability, Innovation",41,9,100399,Messicano
80,Legal consultant,Bachelor D.,False,True,Italiano,Novara,"Tax legislation, Procedural right, Negotiation","Ethics, Management of stress, Customer orientation, Capacity for research",35,2,37460,"Italiano, Cubano"
81,Surgeon,Bachelor D.,False,False,Danese,Trevenzuolo,"Operating block management, General Surgery, Specialized surgical procedures, Surgical Anatomy, Surgical physiology","Teamwork, Management of stress",52,19,101979,"Danese, Egiziano, Norvegese"
82,Doctor,Degree,False,True,Inglese,Montella,"Prevention, Interpretation of the results, Pharmacology","Patience, Empathic communication, Teamwork, Ethics, Attention to the patient",44,15,55792,"Inglese, Italiano"
83,HR Consultant,Degree,False,True,Francese,Francavilla al Mare,"Organisational development, Industrial relations, Labour legislation, Selection and evaluation techniques","Management of the conflict, Management of stress, Negotiation",25,0,36721,"Francese, Italiano, Italiano"
84,X-ray technician,Bachelor D.,False,True,Statunitense,Martinsicuro,"Use of imaging equipment, Radiological safety, Preparation of patients, X-ray and scan reading","Organizational skills, Speed of learning, Precision, Empathy, Attention to detail",38,12,30000,Statunitense
85,Operation manager,Bachelor D.,False,False,Inglese,Lanciano,"Optimization of processes, Logistics, Microsoft Excel, Quality Control","Strategic planning, Management of stress, Management of time, Troubleshooting",41,11,136204,Inglese
86,Teacher,Bachelor D.,False,True,Inglese,Falzes,"Computer science, Gym","Empathy, Communication, Patience",43,7,22891,Inglese
87,System administrator,Researcher,False,False,Italiano,Rivodutri,"Cyber Security, Windows Server, Network, HTTP","Patience, Management of emergencies, Troubleshooting",32,2,37639,"Italiano, Pakistano, Tedesco"
88,Computer security analyst,Bachelor D.,False,False,Francese,Pico,"SELinux, Cyber Security, Keepass, GnuPG, Cryptography","Adaptability, Innovation, Collaboration, Troubleshooting",32,5,84514,"Francese, Brasiliano"
89,Pharmacist,PhD,False,True,Inglese,Cornaredo,"Control of prescriptions, Management of the cash, Pharmacology, Information on drugs, Preparation of drugs","Organizational skills, Attention to the customer, Empathy, Knowledge of regulations",30,0,26122,"Inglese, Francese"
90,Data Scientist,Degree,False,False,Italiano,Curno,"R, Scikit-learn, Machine Learning","effective communication, Teamwork, Analytical thinking, Innovation, Solving the problems",42,2,27655,"Italiano, Argentino, Cubano"
91,Risk expert,Bachelor D.,False,False,Italiano,Zugliano,"Management of losses, Assessment of risk, Financial risk","Decision making, Analytical thinking, Management of stress",29,0,21275,Italiano
92,Computer security analyst,Degree,False,True,Italiano,Landiona,"GnuPG, Analysis of vulnerabilities, Incident Management","Critical thinking, Collaboration",32,2,105934,Italiano
93,Legal consultant,Bachelor D.,False,False,Egiziano,Sovere,"Right to Work, Intellectual property, Civil Law","Management of stress, Capacity for research, Integrity, Customer orientation",47,13,40486,Egiziano
94,Manager,Degree,False,True,Russo,Borgo Velino,"Negotiation, Strategic planning, Market expertise, Team Management","Analytical thinking, Effective communication, Adaptability, Leadership, Empathy",41,2,105367,"Russo, Inglese"
95,Doctor,Degree,False,True,Inglese,Savelli,"Management of patients, Prevention, Pharmacology, Anatomy","Empathic communication, Attention to the patient, Patience, Teamwork, Ethics",40,5,78218,Inglese
96,Architectural engineer,Researcher,True,False,Egiziano,Gottolengo,"Structural analysis, AutoCAD, Solidworks","Management of time, Collaboration",39,3,34686,"Egiziano, Italiano, Italiano"
97,Designer,PhD,False,True,Messicano,Suardi,"Adobe Illustrator, Blender, Sketch, Adobe Photoshop, Prototyping","Creativity, Critical thinking, Adaptability, Empathy, Innovation",34,3,43028,Messicano
98,Marketing manager,Bachelor D.,True,False,Italiano,Parcines,"CMS, Hootsuite, Strategies of marketing, Google Analytics, Management of the brand","Critical thinking, Creativity, Adaptability",54,1,67822,"Italiano, Argentino, Cinese"
99,X-ray technician,Researcher,False,True,Messicano,Pietra Ligure,"Preparation of patients, Radiological safety, Use of imaging equipment","Empathy, Confidentiality",43,5,23089,"Messicano, Italiano"
100,Operation manager,Degree,True,True,Tedesco,Rodengo Saiano,"Six Sigma, Optimization of processes, Management of operations","Management of stress, Management of time, Strategic planning",36,0,91748,Tedesco
101,X-ray technician,Bachelor D.,False,False,Inglese,Arnasco,"Radiological safety, Use of imaging equipment, Preparation of patients, X-ray and scan reading","Ethics, Organizational skills, Confidentiality, Speed of learning",34,6,28140,"Inglese, Italiano, Tunisino"
102,Manager,Bachelor D.,False,False,Brasiliano,San Chirico Nuovo,"Team Management, Strategic planning, Market expertise, Negotiation","Innovation, Effective communication, Analytical thinking, Leadership",36,3,96439,"Brasiliano, Inglese, Inglese"
103,Operation manager,Degree,True,False,Tedesco,Calci,"Lean management , Microsoft Excel, Management of operations, Six Sigma","Troubleshooting, Management of time, Strategic planning, Management of stress",35,4,149504,"Tedesco, Italiano, Italiano"
104,HR Consultant,Bachelor D.,True,False,Tedesco,Garlate,"Selection and evaluation techniques, Analysis of data","Negotiation, Empathy, Management of stress, Coaching",41,10,39909,"Tedesco, Inglese"
105,Risk expert,Bachelor D.,False,True,Tedesco,Grottole,"Management of the crisis, Data analysis","Management of stress, Analytical thinking, Decision making",35,5,39068,"Tedesco, Francese, Statunitense"
106,Marketing manager,Master D.,True,True,Italiano,Francavilla al Mare,"Management of the brand, Hootsuite, Planning of campaigns, Strategies of marketing, Google Analytics","Ability to adapt to new technologies, Leadership, Management of the team, Adaptability, Creativity",33,1,107745,"Italiano, Inglese"
107,Architectural engineer,PhD,False,True,Italiano,Senerchia,"Design, Structural analysis, ANSYS","Creativity, Management of time, Decision-making capacity, Leadership",42,13,54488,"Italiano, Colombiano"
108,Legal consultant,Degree,False,False,Danese,Montella,"Tax legislation, Criminal Law, Civil Law, Procedural right","Negotiation, Integrity, Ethics, Management of stress",44,15,43244,"Danese, Messicano, Italiano"
109,X-ray technician,Bachelor D.,False,True,Inglese,Casarsa della Delizia,"X-ray and scan reading, Preparation of patients, Radiological safety, Use of imaging equipment","Speed of learning, Precision",37,0,29051,"Inglese, Lituano"
110,Developer,Degree,True,False,Italiano,Borgomasino,"PHP, Algorithm, Database, Java","Creativity, Flexibility",28,0,31688,Italiano
111,Marketing manager,Master D.,True,True,Messicano,Lacco Ameno,"Management of the brand, Market research","Critical thinking, Leadership, Adaptability",54,1,119811,"Messicano, Turco, Inglese"
112,Risk expert,Bachelor D.,False,True,Italiano,Montesano Salentino,"Assessment of risk, Data analysis, Financial risk, Management of losses","Analytical thinking, Management of stress, Decision making",28,0,33543,"Italiano, Inglese"
113,Nurse specialist,Degree,False,True,Turco,Ghilarza,"Administration of drugs, Intensive Care Unit","Management of emergencies, Organisation, Empathy",41,0,44492,"Turco, Inglese"
114,Financial consultant,Degree,False,True,Italiano,Zugliano,"Personal financial planning, Commercial Law","Customer orientation, Precision, Persuasive communication, Empathy, Attention to detail",31,4,53630,"Italiano, Portoghese"
115,Nurse specialist,Bachelor D.,False,True,Italiano,Sant'Andrea Frius,"Oncology, Specialized nursing assistance","Organisation, Empathy, Management of emergencies",29,4,46398,"Italiano, Statunitense"
116,Operation manager,Degree,False,True,Italiano,Caltignaga,"Six Sigma, Microsoft Excel, ERP, Lean management ","Management of time, Strategic planning, Management of stress, Troubleshooting",47,17,150000,Italiano
117,Nurse specialist,Master D.,False,True,Brasiliano,Olmo Gentile,"Specialized nursing assistance, Monitoring of patients, Oncology, Administration of drugs","Organisation, Empathy, Management of emergencies",28,2,46100,"Brasiliano, Italiano, Italiano"
118,Data analyst,Degree,True,False,Italiano,Francavilla al Mare,"Root, Python, Database","Critical analysis, Problem solving",42,7,34919,"Italiano, Danese, Argentino"
119,Designer,Bachelor D.,True,False,Italiano,Barrafranca,"UI/UX Design, Adobe Illustrator, Figma, CorelDRAW","Adaptability, Innovation, Creativity, Critical thinking",29,6,47385,Italiano
120,Developer,Bachelor D.,True,False,Egiziano,Castelnuovo Bormida,"C++, PHP, Python, Git, C","Retail aptitude, Creativity, Problem solving, Innovation",31,6,53907,"Egiziano, Canadese, Irlandese"
121,Therapist,Researcher,False,True,Cubano,Voltido,"Psychopharmacology, Ethics, Psychological evaluation, Theories of Behavior","Empathy, Active listening, Ethics",38,0,27785,"Cubano, Finlandese, Italiano"
122,Web Developer,PhD,True,True,Norvegese,Civitanova Marche,"SQL, Python, Internet protocols, PHP","Teamwork, Ability to manage stress, Innovation",27,0,60825,Norvegese
123,X-ray technician,Bachelor D.,False,False,Italiano,Paruzzaro,"Preparation of patients, Use of imaging equipment, X-ray and scan reading, Radiological safety","Precision, Ethics, Empathy, Communication, Organizational skills",39,9,28287,Italiano
124,Data analyst,Degree,True,False,Italiano,Pelugo,"MATLAB, Tableau","Proactivity, Clear communication",27,0,40324,"Italiano, Pakistano, Irlandese"
125,Operation manager,Bachelor D.,True,False,Statunitense,Salerano Canavese,"Six Sigma, Logistics","Management of stress, Management of time, Troubleshooting, Strategic planning",60,14,149709,Statunitense
126,X-ray technician,Researcher,False,True,Irlandese,Parcines,"Use of imaging equipment, X-ray and scan reading, Preparation of patients, Radiological safety","Attention to detail, Empathy, Confidentiality, Precision, Ethics",49,13,30000,Irlandese
127,Nurse,Bachelor D.,False,True,Italiano,Pederobba,"Administration of drugs, Pharmacology, Anatomy, Patient Management, Health care","Communication, Empathy, Organisation, Management of stress",31,6,33363,Italiano
128,Architect,Master D.,True,True,Italiano,Civitanova del Sannio,"BIM, Coordination of the project, EnergyPlus, Asana","Spatial thought, Creativity, Collaboration, Effective communication, Attention to detail",42,0,34075,"Italiano, Francese"
129,Marketing manager,Researcher,False,False,Italiano,Oldenico,"Market research, Google Analytics","Critical thinking, Ability to adapt to new technologies, Adaptability, Management of the team, Leadership",53,8,97828,"Italiano, Argentino, Tunisino"
130,Architect,Master D.,False,True,Tedesco,Candia Lomellina,"Asana, EnergyPlus, Rhinoceros 3D, AutoCAD, Revit","Creativity, Spatial thought, Effective communication, Attention to detail, Collaboration",37,4,57877,"Tedesco, Italiano"
131,Pharmacist,Researcher,False,True,Colombiano,San Massimo,"Dispensing of drugs, Control of prescriptions","Communication, Empathy, Knowledge of regulations, Precision",34,1,27783,Colombiano
132,Architect,Bachelor D.,False,False,Turco,Civitanova Marche,"Rhinoceros 3D, Coordination of the project","Effective communication, Creativity, Collaboration, Spatial thought",36,3,41407,"Turco, Lituano, Egiziano"
133,Lawyer,Bachelor D.,False,False,Italiano,Bianze',"Legal system, Negotiation, Criminal Law, Procedural right","Argumentation, Persuasive communication, Critical thinking, Communication skills, Analytical skills",32,1,28500,Italiano
134,Manager,Degree,False,False,Italiano,Chianocco,"Negotiation, Strategic planning, Team Management","Leadership, Innovation, Adaptability",33,3,96686,"Italiano, Russo, Israeliano"
135,Risk expert,Researcher,False,True,Inglese,Molino dei Torti,"Assessment of risk, Management of losses","Management of stress, Analytical thinking, Decision making",42,2,25420,Inglese
136,HR Consultant,Bachelor D.,True,True,Inglese,Olmo Gentile,"Labour legislation, Analysis of data, Industrial relations, HR Management, Training and development","Ability to listen, Coaching, Management of the conflict",31,4,40239,"Inglese, Italiano, Italiano"
137,Asset manager,Bachelor D.,False,True,Italiano,Vallio Terme,"Investments, Financial planning, Investments, Financial analysis","Strategic Thinking, Negotiation, Customer orientation",51,20,60000,Italiano
138,System administrator,Null,False,True,Italiano,Cassago Brianza,"Windows Server, SMTP","Patience, Troubleshooting, Management of emergencies",27,1,32839,"Italiano, Danese, Cinese"
139,Operation manager,Degree,True,True,Italiano,Chialamberto,"ERP, Microsoft Excel","Management of time, Strategic planning",43,10,130492,"Italiano, Danese, Cubano"
140,Pharmacist,Degree,False,True,Messicano,Azzano San Paolo,"Dispensing of drugs, Preparation of drugs, Management of the cash, Information on drugs","Attention to the customer, Communication, Knowledge of regulations, Precision, Empathy",32,0,26216,Messicano
141,Web Developer,Researcher,False,False,Colombiano,Santo Stefano Roero,"Python, Ruby","Effective communication, Teamwork, Flexibility, Ability to manage stress",45,11,51344,Colombiano
142,Architectural engineer,Master D.,False,False,Italiano,Guidonia Montecelio,"Structural analysis, Design, Simulink, AutoCAD, MATLAB","Communication, Attention to detail, Creativity, Leadership, Management of time",29,3,50671,"Italiano, Messicano"
143,Financial consultant,Bachelor D.,False,False,Cubano,Landiona,"Actions, Investments, Insurance","Attention to detail, Precision, Persuasive communication, Empathy, Customer orientation",33,5,35167,"Cubano, Statunitense"
144,Marketing manager,Researcher,False,True,Inglese,Siliqua,"Hootsuite, Management of the brand, Market research","Adaptability, Management of the team, Creativity, Ability to adapt to new technologies",43,8,117342,Inglese
145,Financial analyst,Bachelor D.,False,True,Danese,Roaschia,"Financial analysis, Financial markets, Risk Management, Economics, Assessment of investments","Attention to detail, Problem solving, Critical analysis, Effective communication",44,5,41228,"Danese, Italiano, Italiano"
146,Web Developer,Bachelor D.,True,True,Tedesco,Bagnolo del Salento,"SQL, Python","Ability to manage stress, Problem solving, Innovation, Teamwork, Effective communication",33,4,54156,"Tedesco, Irlandese, Italiano"
147,Teacher,Degree,False,True,Cinese,Sant'Agata del Bianco,"English, Mathematics, Gym, Chemistry, History","Communication, Empathy, Patience",41,12,23000,"Cinese, Venezuelano"
148,Architect,Bachelor D.,False,True,Canadese,Garlate,"EnergyPlus, Architectural design","Effective communication, Attention to detail",43,13,54481,"Canadese, Italiano"
149,Financial analyst,Degree,False,False,Russo,Colleferro,"Investment, Economic Law, Financial markets, Financial analysis","Attention to detail, Critical analysis",42,9,44131,"Russo, Italiano, Egiziano"
150,X-ray technician,Bachelor D.,False,True,Francese,Dusino San Michele,"X-ray and scan reading, Use of imaging equipment, Radiological safety","Organizational skills, Confidentiality, Empathy",53,15,30000,"Francese, Italiano"
151,Architectural engineer,Degree,True,False,Francese,Casalattico,"ANSYS, AutoCAD, MATLAB, Simulink","Management of time, Communication",44,1,58772,"Francese, Messicano, Italiano"
152,Teacher,Bachelor D.,False,False,Israeliano,Sovizzo,"Italian, Physics, Office suite","Communication, Empathy, Patience",55,8,23000,Israeliano
153,Market analyst,Bachelor D.,False,False,Russo,Azzano Mella,"Strategies of the market, Models of business, Analysis of trends","Effective presentation, Teamwork, Customer orientation, Adaptability",42,4,51754,"Russo, Irlandese"
154,Lawyer,Degree,False,False,Italiano,Oldenico,"Negotiation, Civil Law, Legal system, Procedural right","Persuasive communication, Critical thinking, Communication skills, Analytical skills",49,12,46619,"Italiano, Egiziano"
155,Marketing manager,Researcher,True,False,Italiano,Moscazzano,"Market research, Hootsuite","Creativity, Adaptability, Ability to adapt to new technologies, Critical thinking",40,10,45530,Italiano
156,Computer security analyst,Bachelor D.,False,True,Inglese,Fiesse,"Cyber Security, SELinux","Adaptability, Collaboration, Critical thinking",29,3,60158,Inglese
157,Teacher,PhD,False,False,Italiano,Castel Rocchero,"French, Office suite","Communication, Empathy, Patience",54,10,23000,"Italiano, Pakistano"
158,Risk expert,Degree,False,True,Italiano,Molteno,"Data analysis, Environmental risk, Management of the crisis","Decision making, Management of stress, Analytical thinking",42,9,36844,"Italiano, Danese, Canadese"
159,Operation manager,PhD,True,False,Irlandese,San Pietro Clarenza,"Management of operations, Quality Control, Logistics, Six Sigma","Management of time, Troubleshooting, Strategic planning",39,8,145345,Irlandese
160,Market analyst,Researcher,False,True,Italiano,Decimoputzu,"Models of business, Analysis of data, Analysis of competitors","Teamwork, Effective presentation, Adaptability, Problem solving",36,3,34646,Italiano
161,Web Developer,Bachelor D.,False,False,Tedesco,Lapedona,"PHP, HTML, MySQL, SQL, CSS","Innovation, Problem solving, Flexibility",40,13,63415,"Tedesco, Italiano, Italiano"
162,Manager,Bachelor D.,False,False,Francese,Bisceglie,"Negotiation, Team Management, Market expertise, Strategic planning","Empathy, Leadership, Analytical thinking, Adaptability, Effective communication",30,0,40778,Francese
163,Data Scientist,Bachelor D.,False,True,Italiano,Apecchio,"Machine Learning, Scikit-learn","Analytical thinking, Solving the problems, effective communication, Teamwork, Innovation",32,2,37753,"Italiano, Pakistano, Egiziano"
164,Pharmacist,Degree,False,False,Italiano,Gravina di Catania,"Control of prescriptions, Dispensing of drugs","Attention to the customer, Precision, Organizational skills, Empathy",26,0,24539,"Italiano, Inglese, Egiziano"
165,Financial consultant,Bachelor D.,False,False,Italiano,Tarzo,"Economics, Personal financial planning, Investments, Insurance","Attention to detail, Persuasive communication, Precision, Empathy",48,9,54598,"Italiano, Canadese"
166,Therapist,Bachelor D.,False,True,Finlandese,Lacco Ameno,"Counseling, Confidentiality","Problem solving, Ethics, Active listening, Confidentiality",33,1,26997,"Finlandese, Norvegese"
167,Therapist,Degree,False,False,Danese,Mason Vicentino,"Counseling, Confidentiality, Psychological evaluation, Cognitive behavioral therapy","Relational Skills, Problem solving, Empathy",42,2,25570,"Danese, Tunisino"
168,Doctor,PhD,False,True,Italiano,Mezzanino,"Pathology, Pharmacology, Management of patients, Therapy","Empathic communication, Attention to the patient, Ethics, Teamwork",43,4,79047,"Italiano, Tedesco, Norvegese"
169,Risk expert,Researcher,False,True,Cinese,Ceneselli,"Assessment of risk, Environmental risk, Management of the crisis","Decision making, Analytical thinking, Management of stress",43,13,49394,"Cinese, Tunisino, Italiano"
170,Data analyst,Degree,True,False,Inglese,Augusta,"MATLAB, Microsoft Excel","Creativity, Critical analysis, Clear communication, Problem solving, Proactivity",39,2,37318,"Inglese, Italiano, Venezuelano"
171,Data Scientist,PhD,False,True,Italiano,Calasetta,"Statistical, TensorFlow","Attention to detail, Analytical thinking, Teamwork, Solving the problems",41,1,34605,"Italiano, Messicano, Inglese"
172,Therapist,Degree,False,True,Italiano,Sassuolo,"Psychological evaluation, Theories of Behavior, Cognitive behavioral therapy","Problem solving, Active listening",43,2,19669,"Italiano, Argentino"
173,Data Scientist,Degree,False,True,Italiano,Ricengo,"Scikit-learn, PyTorch, Statistical","Teamwork, Solving the problems, effective communication",27,2,42587,"Italiano, Francese"
174,HR Consultant,Bachelor D.,True,True,Tedesco,Motta Camastra,"HR Management, Industrial relations","Management of the conflict, Management of stress, Ability to listen",41,4,47656,Tedesco
175,HR Consultant,Master D.,True,False,Italiano,Brugnato,"Selection and evaluation techniques, Recruitment, Analysis of data, HR Management","Management of stress, Negotiation, Ability to listen, Management of the conflict",46,20,48330,"Italiano, Pakistano"
176,Surgeon,Master D.,False,False,Irlandese,Zagarise,"General Surgery, Medical imaging, Operating block management, Specialized surgical procedures, Surgical physiology","Precision, Management of stress, Teamwork",45,10,71957,"Irlandese, Portoghese, Inglese"
177,Designer,Master D.,False,False,Italiano,Castelluccio Superiore,"Figma, Adobe After Effect, Blender, Prototyping, CorelDRAW","Adaptability, Critical thinking, Empathy, Creativity",35,10,38746,"Italiano, Lituano"
178,Asset manager,PhD,False,False,Italiano,Cerea,"Management of the portfolio, Financial analysis","Negotiation, Strategic Thinking, Customer orientation, Attention to detail",54,22,60000,"Italiano, Tedesco, Finlandese"
179,Computer security analyst,Master D.,True,False,Italiano,San Giovanni Valdarno,"Keepass, Cyber Security, Security of the networks, GnuPG, Incident Management","Troubleshooting, Adaptability, Critical thinking, Innovation, Collaboration",31,5,71824,"Italiano, Lituano, Irlandese"
180,Market analyst,PhD,True,False,Italiano,Villafranca Padovana,"Analysis of competitors, Analysis of data, Market research, Strategies of the market","Customer orientation, Adaptability, Critical thinking, Teamwork",38,9,42181,Italiano
181,Teacher,Bachelor D.,False,True,Italiano,Fontana Liri,"Art, Physics, Italian, Sciences","Patience, Communication",46,20,23000,Italiano
182,Architect,Researcher,True,True,Italiano,Fie' allo Sciliar,"Rhinoceros 3D, Revit, Vectorworks, Coordination of the project","Spatial thought, Creativity, Attention to detail, Effective communication, Collaboration",37,6,43059,Italiano
183,Marketing manager,Master D.,False,True,Venezuelano,Vialfre',"Planning of campaigns, Hootsuite, Google Analytics","Leadership, Creativity, Management of the team",48,11,107715,"Venezuelano, Italiano"
184,Data Scientist,Degree,True,True,Italiano,Tavarnelle Val di Pesa,"R, Python","effective communication, Innovation",40,8,36306,Italiano
185,Therapist,Bachelor D.,False,True,Italiano,Nicorvo,"Psychological evaluation, Counseling, Theories of Behavior","Relational Skills, Empathy, Ethics",47,17,30000,Italiano
186,Teacher,Degree,False,True,Danese,Cervia,"Gym, History, Mathematics, Geograpy, French","Communication, Patience, Empathy",32,0,19123,"Danese, Italiano, Italiano"
187,Designer,PhD,True,False,Italiano,Lacchiarella,"Sketch, Figma, UI/UX Design, CorelDRAW","Adaptability, Empathy, Creativity",28,0,41401,Italiano
188,Operation manager,Degree,False,True,Italiano,Ferla,"Microsoft Excel, Management of operations, Lean management , Six Sigma, Quality Control","Strategic planning, Management of stress, Management of time",42,9,137046,"Italiano, Russo, Russo"
189,Designer,Bachelor D.,True,False,Inglese,Tarantasca,"CorelDRAW, Adobe After Effect, Blender","Adaptability, Empathy, Innovation, Critical thinking, Creativity",28,4,44509,"Inglese, Colombiano"
190,Risk expert,Degree,False,True,Inglese,Oldenico,"Financial risk, Assessment of risk","Analytical thinking, Management of stress, Decision making",31,0,38253,"Inglese, Pakistano, Italiano"
191,Asset manager,Bachelor D.,False,False,Turco,Feroleto della Chiesa,"Economics, Financial planning, Investments, Financial analysis, Investments","Strategic Thinking, Attention to detail",48,10,54921,"Turco, Inglese"
192,X-ray technician,Bachelor D.,False,False,Russo,Pago Veiano,"Radiological safety, Use of imaging equipment","Confidentiality, Empathy, Precision",30,4,28376,"Russo, Colombiano, Italiano"
193,Marketing manager,Bachelor D.,True,True,Italiano,Paisco Loveno,"Strategies of marketing, Hootsuite","Adaptability, Creativity, Leadership, Management of the team, Ability to adapt to new technologies",32,3,52318,"Italiano, Tedesco"
194,Manager,Researcher,False,True,Inglese,Castelcucco,"Strategic planning, Team Management","Empathy, Leadership, Analytical thinking, Innovation, Adaptability",41,11,79372,Inglese
195,Doctor,PhD,False,False,Inglese,Lascari,"Pharmacology, Diagnosis, Prevention, Pathology, Interpretation of the results","Teamwork, Patience, Ethics",40,10,68806,"Inglese, Tedesco"
196,Data Scientist,Degree,False,True,Argentino,Nova Levante,"Keras, SQL, TensorFlow","Attention to detail, Analytical thinking",36,7,36355,Argentino
197,Web Developer,Master D.,True,False,Italiano,Galliavola,"XAMPP, CSS, SQL, Angular","Effective communication, Innovation, Problem solving",43,10,45710,"Italiano, Francese, Tedesco"
198,Web Developer,Degree,False,False,Italiano,Novedrate,"Python, Design patterns, Angular, XAMPP, MySQL","Innovation, Ability to manage stress, Teamwork",38,0,61210,"Italiano, Tunisino"
199,Surgeon,Researcher,False,False,Colombiano,Agnone,"Medical imaging, Surgical physiology","Patience, Management of stress",48,13,118235,Colombiano
200,X-ray technician,Master D.,False,False,Italiano,Calcio,"Preparation of patients, Use of imaging equipment, Radiological safety, X-ray and scan reading","Speed of learning, Confidentiality",45,15,30000,"Italiano, Turco, Inglese"
201,Lawyer,Bachelor D.,False,True,Messicano,Borgomezzavalle,"Criminal Law, Negotiation, Civil Law","Critical thinking, Argumentation, Analytical skills",28,0,42351,"Messicano, Italiano"
202,X-ray technician,Master D.,False,False,Brasiliano,Vadena,"Radiological safety, X-ray and scan reading, Use of imaging equipment","Precision, Empathy, Confidentiality, Attention to detail",36,5,23352,"Brasiliano, Cubano, Italiano"
203,Manager,Master D.,False,False,Tedesco,Cereseto,"Market expertise, Negotiation, Team Management, Strategic planning","Effective communication, Analytical thinking, Adaptability",36,3,53936,"Tedesco, Italiano"
204,System administrator,Bachelor D.,False,True,Norvegese,Pederobba,"Cloud management, HTTP, Network, Cyber Security","Management of emergencies, Troubleshooting, Patience",26,1,41210,Norvegese
205,Financial analyst,PhD,False,True,Brasiliano,Moso in Passiria,"Financial markets, Economics, Investment, Assessment of investments","Attention to detail, Problem solving, Critical analysis, Management of stress",44,9,40001,Brasiliano
206,Lawyer,Degree,False,False,Italiano,Zugliano,"Criminal Law, Procedural right, Legal system","Critical thinking, Argumentation, Persuasive communication, Communication skills, Analytical skills",39,11,49603,"Italiano, Pakistano, Brasiliano"
207,Doctor,Master D.,False,False,Tedesco,Ittiri,"Pathology, Anatomy","Teamwork, Ethics, Attention to the patient, Empathic communication, Patience",56,24,72450,"Tedesco, Pakistano, Brasiliano"
208,Computer security analyst,Degree,True,False,Italiano,Rocca d'Evandro,"SELinux, GnuPG, Keepass, Security of the networks, Cryptography","Innovation, Adaptability, Collaboration",44,17,112449,Italiano
209,Therapist,Bachelor D.,False,False,Francese,Lisciano Niccone,"Ethics, Cognitive behavioral therapy, Confidentiality","Confidentiality, Relational Skills, Empathy, Ethics, Problem solving",59,14,30000,"Francese, Finlandese, Italiano"
210,Lawyer,Master D.,False,False,Egiziano,Vedeseta,"Legal system, Legal Research, Civil Law, Negotiation","Communication skills, Analytical skills, Critical thinking, Persuasive communication",48,11,39260,"Egiziano, Italiano"
211,Data Scientist,Bachelor D.,False,False,Italiano,Valle di Casies,"R, Keras","Teamwork, Solving the problems, effective communication, Innovation, Analytical thinking",37,7,37386,Italiano
212,Nurse,Master D.,False,False,Argentino,Tarantasca,"Health care, Administration of drugs","Communication, Organisation, Empathy, Professional ethics, Management of stress",38,8,36468,"Argentino, Italiano, Cinese"
213,Computer security analyst,Degree,True,False,Danese,Pont-Canavese,"GnuPG, Analysis of vulnerabilities","Collaboration, Critical thinking",31,3,60870,"Danese, Tedesco, Italiano"
214,Therapist,Researcher,False,True,Portoghese,Zignago,"Confidentiality, Cognitive behavioral therapy, Ethics, Counseling","Empathy, Active listening, Ethics, Problem solving, Relational Skills",37,6,28433,"Portoghese, Turco"
215,Data analyst,PhD,True,True,Brasiliano,Cervia,"Microsoft Excel, Statistics, Python","Creativity, Critical analysis",44,16,42449,Brasiliano
216,Computer security analyst,PhD,False,False,Italiano,Monserrato,"Cyber Security, Incident Management, Analysis of vulnerabilities, SELinux, Cryptography","Innovation, Critical thinking, Troubleshooting",44,16,119522,"Italiano, Canadese, Venezuelano"
217,Financial analyst,Bachelor D.,True,True,Francese,Vaglio Basilicata,"Economics, Financial analysis, Investment, Risk Management, Economic Law","Problem solving, Management of stress",42,12,42630,"Francese, Tunisino, Finlandese"
218,Computer security analyst,Degree,True,False,Irlandese,Lisciano Niccone,"Cryptography, Keepass","Critical thinking, Innovation, Troubleshooting, Adaptability, Collaboration",26,0,71919,Irlandese
219,Market analyst,Master D.,True,True,Italiano,Arcidosso,"Strategies of the market, Analysis of trends, Analysis of data, Market research","Teamwork, Customer orientation",45,5,46238,"Italiano, Israeliano, Inglese"
220,Web Developer,Degree,True,False,Inglese,Roncola,"PHP, CSS, MySQL, Angular","Flexibility, Ability to manage stress, Innovation, Teamwork",26,0,43931,Inglese
221,Asset manager,Bachelor D.,False,False,Italiano,Azzano Mella,"Investments, Financial analysis, Financial planning, Management of the portfolio","Attention to detail, Strategic Thinking, Customer orientation, Negotiation",40,6,45249,Italiano
222,System administrator,Master D.,False,True,Inglese,Diano Marina,"Cloud management, HTTP, SMTP, Windows Server","Patience, Troubleshooting",42,5,46641,"Inglese, Italiano, Israeliano"
223,Data analyst,Researcher,False,True,Inglese,Atina,"Database, Tableau, Data Mining","Critical analysis, Problem solving",35,0,29990,"Inglese, Tedesco, Russo"
224,Financial consultant,Bachelor D.,False,True,Italiano,Bajardo,"Insurance, Investments","Attention to detail, Persuasive communication, Precision",26,1,45840,Italiano
225,Architectural engineer,Degree,False,False,Cubano,Monteleone d'Orvieto,"Solidworks, ANSYS, Design, AutoCAD, MATLAB","Leadership, Troubleshooting, Communication, Creativity",34,5,46680,"Cubano, Tedesco"
226,Manager,Master D.,False,False,Italiano,Tribano,"Team Management, Market expertise, Strategic planning, Negotiation","Analytical thinking, Adaptability, Innovation, Leadership",37,1,49747,"Italiano, Messicano"
227,Financial analyst,Bachelor D.,False,True,Egiziano,Miggiano,"Economic Law, Financial markets","Critical analysis, Problem solving, Management of stress, Effective communication",34,2,38103,"Egiziano, Tunisino"
228,Legal consultant,Researcher,False,True,Tedesco,Bianchi,"Tax legislation, Criminal Law, Procedural right, Right to Work, Intellectual property","Capacity for research, Management of stress, Integrity, Negotiation",38,8,36174,"Tedesco, Cinese, Turco"
229,Architect,PhD,True,False,Italiano,Sant'Agata del Bianco,"Vectorworks, Coordination of the project, Architectural design, EnergyPlus, AutoCAD","Effective communication, Creativity",45,2,49148,"Italiano, Cinese"
230,Pharmacist,Master D.,False,True,Pakistano,Pescara,"Preparation of drugs, Dispensing of drugs, Control of prescriptions, Management of the cash, Pharmacology","Empathy, Precision, Organizational skills",26,1,20568,"Pakistano, Danese, Italiano"
231,Legal consultant,Master D.,False,True,Pakistano,Valtopina,"Intellectual property, Right to Work, Negotiation, Tax legislation, Procedural right","Capacity for research, Negotiation, Customer orientation",31,3,35494,"Pakistano, Russo, Italiano"
232,Risk expert,Degree,False,True,Statunitense,Malo,"Management of the crisis, Data analysis, Financial risk, Assessment of risk","Decision making, Analytical thinking",33,4,48406,"Statunitense, Italiano, Tedesco"
233,Nurse,Researcher,False,False,Italiano,Teora,"Patient Management, Medical emergencies, Health care, Anatomy","Flexibility, Organisation",37,3,34173,Italiano
234,X-ray technician,Degree,False,False,Irlandese,Santo Stefano di Camastra,"X-ray and scan reading, Radiological safety, Use of imaging equipment, Preparation of patients","Speed of learning, Precision",25,0,18224,"Irlandese, Inglese"
235,Architectural engineer,Bachelor D.,True,False,Venezuelano,Villasalto,"Simulink, AutoCAD","Creativity, Collaboration, Leadership, Attention to detail",41,15,49589,"Venezuelano, Italiano, Italiano"
236,Web Developer,Master D.,False,False,Francese,Cornegliano Laudense,"SQL, Design patterns, CSS, Angular","Ability to manage stress, Innovation",32,2,46484,Francese
237,Risk expert,Bachelor D.,False,True,Italiano,Boissano,"Environmental risk, Management of the crisis, Analysis of financial security policies","Analytical thinking, Decision making, Management of stress",33,2,49231,Italiano
238,Marketing manager,Bachelor D.,True,False,Tunisino,Paulilatino,"Strategies of marketing, Hootsuite, CMS","Leadership, Ability to adapt to new technologies, Creativity",39,0,115260,Tunisino
239,Web Developer,Degree,False,False,Egiziano,Castelfondo,"Python, HTML","Flexibility, Ability to manage stress, Effective communication",26,0,61180,"Egiziano, Russo"
240,Operation manager,Researcher,True,True,Italiano,Brendola,"Logistics, Optimization of processes","Strategic planning, Troubleshooting",39,3,106895,"Italiano, Colombiano, Venezuelano"
241,System administrator,Bachelor D.,False,True,Francese,Belforte del Chienti,"Windows Server, Network, Cyber Security, Cloud management","Management of emergencies, Patience, Troubleshooting",25,0,44538,"Francese, Argentino"
242,Pharmacist,Bachelor D.,False,True,Inglese,Alessano,"Preparation of drugs, Control of prescriptions, Pharmacology","Organizational skills, Attention to the customer, Empathy, Precision, Communication",25,0,27287,Inglese
243,Marketing manager,Degree,False,True,Italiano,Chiavenna,"Hootsuite, Market research, Strategies of marketing","Adaptability, Leadership",38,10,67697,"Italiano, Colombiano"
244,Asset manager,Master D.,False,True,Israeliano,Gambugliano,"Economics, Financial planning","Negotiation, Customer orientation, Strategic Thinking, Attention to detail",35,5,50928,Israeliano
245,Data Scientist,Degree,False,False,Italiano,Pietracatella,"R, PyTorch, Keras","Solving the problems, Analytical thinking",39,6,32896,Italiano
246,Architect,Bachelor D.,True,False,Italiano,Santo Stefano Roero,"AutoCAD, Vectorworks, Rhinoceros 3D, Architectural design","Attention to detail, Effective communication, Collaboration",52,8,55602,Italiano
247,Designer,Master D.,False,True,Italiano,Osilo,"Adobe After Effect, Sketch, Figma, CorelDRAW, Adobe Photoshop","Empathy, Adaptability, Creativity, Innovation, Critical thinking",29,4,36961,Italiano
248,Lawyer,Degree,False,True,Inglese,Pastena,"Legal system, Legal Research, Criminal Law","Argumentation, Critical thinking",36,4,42877,"Inglese, Turco"
249,Financial analyst,PhD,True,False,Italiano,Lequile,"Economic Law, Assessment of investments, Financial analysis, Risk Management","Effective communication, Problem solving, Critical analysis, Attention to detail",35,8,43456,Italiano
250,Marketing manager,Bachelor D.,False,True,Messicano,Castelleone,"Strategies of marketing, Management of the brand, Google Analytics","Adaptability, Management of the team, Leadership, Ability to adapt to new technologies, Critical thinking",39,5,95677,Messicano
251,Data analyst,Degree,False,True,Tedesco,Fluminimaggiore,"MATLAB, SAS, Root, Statistics","Problem solving, Creativity, Proactivity",43,17,44193,Tedesco
252,Surgeon,Researcher,False,False,Brasiliano,Civitella del Tronto,"Surgical Anatomy, Operating block management","Precision, Ethics, Decision making",42,2,63649,"Brasiliano, Italiano"
253,Data analyst,Bachelor D.,False,True,Inglese,Marano Principato,"MATLAB, Data Mining, Tableau","Problem solving, Clear communication",40,3,36211,"Inglese, Brasiliano"
254,Financial analyst,PhD,True,True,Inglese,Schio,"Economics, Financial analysis, Economic Law, Investment, Financial markets","Critical analysis, Problem solving, Effective communication, Management of stress",36,4,35214,"Inglese, Italiano"
255,Teacher,Master D.,False,True,Italiano,Potenza,"Art, Geograpy, History, Physics, Mathematics","Empathy, Communication, Patience",52,15,23000,"Italiano, Irlandese"
256,X-ray technician,Bachelor D.,False,True,Cubano,Lequile,"Radiological safety, Use of imaging equipment, X-ray and scan reading, Preparation of patients","Organizational skills, Attention to detail, Communication, Speed of learning",35,9,29231,"Cubano, Statunitense, Tedesco"
257,Architect,PhD,True,False,Israeliano,Nosate,"Revit, Architectural design, Coordination of the project","Attention to detail, Effective communication",54,3,57331,"Israeliano, Inglese, Inglese"
258,Marketing manager,Researcher,True,True,Tedesco,Corinaldo,"Planning of campaigns, CMS, Management of the brand, Google Analytics","Leadership, Creativity",41,10,97643,Tedesco
259,X-ray technician,Degree,False,True,Italiano,Stigliano,"Use of imaging equipment, Preparation of patients, Radiological safety, X-ray and scan reading","Precision, Confidentiality, Attention to detail",32,4,23413,Italiano
260,Data analyst,Bachelor D.,False,False,Italiano,San Vito,"MATLAB, Root, Data Mining, Database, Python","Creativity, Problem solving",40,5,31879,"Italiano, Inglese"
261,Financial consultant,Degree,False,True,Italiano,Recetto,"Actions, Economics, Financial markets, Personal financial planning, Investments","Precision, Customer orientation, Empathy",49,20,55000,"Italiano, Tedesco"
262,X-ray technician,Degree,False,True,Italiano,Agnone,"Preparation of patients, Use of imaging equipment, X-ray and scan reading","Organizational skills, Confidentiality",52,5,24410,"Italiano, Pakistano"
263,Manager,Degree,False,False,Colombiano,Visco,"Market expertise, Team Management, Strategic planning, Negotiation","Empathy, Effective communication, Adaptability",46,8,118444,"Colombiano, Italiano, Danese"
264,Data analyst,Degree,False,False,Italiano,Viterbo,"R, Microsoft Excel, MATLAB, Database","Problem solving, Creativity, Critical analysis",39,2,27771,Italiano
265,Legal consultant,Bachelor D.,False,False,Inglese,Lograto,"Civil Law, Tax legislation, Contracts, Negotiation","Ethics, Management of stress, Negotiation, Integrity, Capacity for research",40,10,36562,"Inglese, Italiano"
266,Asset manager,Degree,False,True,Colombiano,Montesano Salentino,"Management of the portfolio, Investments, Investments, Financial planning","Negotiation, Strategic Thinking",40,0,55969,"Colombiano, Inglese, Norvegese"
267,Architect,Master D.,False,False,Italiano,Atina,"Vectorworks, Rhinoceros 3D, Revit, EnergyPlus, Asana","Spatial thought, Attention to detail, Effective communication, Creativity",46,16,57270,"Italiano, Pakistano"
268,HR Consultant,Bachelor D.,False,False,Israeliano,Nova Levante,"HR Management, Industrial relations, Organisational development, Analysis of data","Management of stress, Coaching",41,12,40953,Israeliano
269,Doctor,Master D.,False,False,Italiano,Castelfondo,"Prevention, Pathology","Ethics, Teamwork, Attention to the patient, Patience",50,7,63546,"Italiano, Inglese, Inglese"
270,Marketing manager,Master D.,True,True,Lituano,Argusto,"CMS, Management of the brand","Leadership, Critical thinking",32,1,59718,Lituano
271,Marketing manager,Degree,True,True,Tunisino,Senerchia,"Planning of campaigns, Market research, Strategies of marketing, CMS, Hootsuite","Leadership, Management of the team, Creativity, Ability to adapt to new technologies",28,0,79873,Tunisino
272,HR Consultant,Bachelor D.,False,True,Inglese,Castiglione del Lago,"HR Management, Training and development","Management of the conflict, Ability to listen, Management of stress",44,4,30570,"Inglese, Italiano"
273,Developer,Master D.,False,False,Italiano,Lograto,"SQL, Java, C","Creativity, Flexibility, Retail aptitude",39,11,58481,"Italiano, Turco"
274,Manager,PhD,False,False,Canadese,Villa di Tirano,"Team Management, Market expertise","Innovation, Empathy, Effective communication",30,0,56758,"Canadese, Cinese"
275,Therapist,Bachelor D.,False,False,Messicano,Ventotene,"Theories of Behavior, Ethics","Active listening, Empathy, Confidentiality, Ethics",54,19,30000,"Messicano, Inglese, Inglese"
276,Nurse specialist,Degree,False,False,Inglese,Marano sul Panaro,"Monitoring of patients, Specialized nursing assistance, Administration of drugs, Intensive Care Unit, Oncology","Organisation, Empathy",33,2,42222,Inglese
277,Computer security analyst,Researcher,True,True,Italiano,Valledolmo,"Security of the networks, Cryptography, SELinux","Critical thinking, Collaboration, Troubleshooting, Adaptability",32,2,90064,Italiano
278,Data analyst,Degree,False,True,Danese,Monacilioni,"SAS, Microsoft Excel","Problem solving, Creativity, Proactivity, Critical analysis",32,6,39734,"Danese, Pakistano, Pakistano"
279,Developer,Bachelor D.,False,False,Italiano,Cernusco sul Naviglio,"Java, PHP","Flexibility, Creativity",25,1,57853,"Italiano, Tunisino"
280,Financial analyst,PhD,True,False,Italiano,Brendola,"Risk Management, Financial markets, Assessment of investments, Investment, Financial analysis","Management of stress, Effective communication, Problem solving, Attention to detail, Critical analysis",44,2,44459,Italiano
281,Computer security analyst,Master D.,True,False,Francese,Capriolo,"Cryptography, Analysis of vulnerabilities","Collaboration, Critical thinking, Troubleshooting, Innovation",26,0,71189,"Francese, Pakistano, Tedesco"
282,Architect,Researcher,True,True,Egiziano,Fiumicino,"Rhinoceros 3D, Asana","Collaboration, Creativity, Attention to detail, Spatial thought",42,11,56791,"Egiziano, Finlandese"
283,Web Developer,Degree,False,False,Francese,Buccino,"Angular, Python, CSS, MySQL","Ability to manage stress, Teamwork, Flexibility, Problem solving",36,1,64375,"Francese, Italiano, Portoghese"
284,Data Scientist,Bachelor D.,True,True,Italiano,Desulo,"SQL, TensorFlow","Solving the problems, Analytical thinking, Teamwork, Innovation, Attention to detail",27,1,36820,"Italiano, Danese, Russo"
285,Therapist,Bachelor D.,False,True,Cubano,Torre San Patrizio,"Confidentiality, Ethics","Confidentiality, Relational Skills, Problem solving, Active listening",59,2,21282,"Cubano, Statunitense, Statunitense"
286,Nurse,Degree,False,False,Italiano,Villadose,"Patient Management, Pharmacology","Professional ethics, Empathy, Management of stress, Communication",24,1,27004,"Italiano, Lituano, Lituano"
287,X-ray technician,Degree,False,False,Irlandese,Azzano San Paolo,"Use of imaging equipment, X-ray and scan reading, Radiological safety","Organizational skills, Communication, Precision, Attention to detail, Ethics",38,6,28720,Irlandese
288,Data Scientist,Master D.,True,False,Italiano,Parenti,"Python, TensorFlow, Keras","Analytical thinking, effective communication, Teamwork, Innovation, Solving the problems",29,3,41499,"Italiano, Egiziano, Francese"
289,Data analyst,Bachelor D.,True,True,Italiano,Asolo,"Microsoft Excel, Python, SQL","Critical analysis, Clear communication, Problem solving, Creativity, Proactivity",25,0,38346,Italiano
290,Operation manager,Degree,True,False,Tedesco,Borgo Velino,"Six Sigma, Optimization of processes, Logistics, Microsoft Excel, Lean management ","Management of stress, Management of time, Troubleshooting, Strategic planning",55,21,150000,"Tedesco, Italiano"
291,Legal consultant,Degree,False,False,Irlandese,Aosta,"Right to Work, Criminal Law","Integrity, Management of stress, Capacity for research, Customer orientation, Ethics",28,0,22961,"Irlandese, Turco"
292,Legal consultant,Researcher,False,True,Italiano,Guidonia Montecelio,"Tax legislation, Intellectual property, Criminal Law, Right to Work, Civil Law","Negotiation, Ethics, Integrity, Management of stress, Customer orientation",31,1,41439,Italiano
293,Developer,PhD,False,False,Italiano,Rocca Grimalda,"C++, Python","Problem solving, Innovation, Collaboration",32,5,39856,Italiano
294,Financial consultant,Bachelor D.,False,True,Italiano,Pastena,"Insurance, Financial markets","Empathy, Attention to detail, Customer orientation, Precision, Persuasive communication",29,0,52814,Italiano
295,Doctor,Bachelor D.,False,False,Tedesco,Pennadomo,"Management of patients, Pathology, Anatomy, Diagnosis, Interpretation of the results","Teamwork, Attention to the patient, Empathic communication",47,13,54350,"Tedesco, Egiziano, Inglese"
296,Architectural engineer,Bachelor D.,True,True,Italiano,Cautano,"Design, ANSYS, Simulink","Decision-making capacity, Troubleshooting, Attention to detail",39,7,45836,"Italiano, Messicano, Colombiano"
297,Manager,Master D.,False,True,Lituano,Castellazzo Bormida,"Team Management, Negotiation, Market expertise, Strategic planning","Empathy, Effective communication, Analytical thinking, Adaptability",33,3,105153,Lituano
298,Market analyst,Master D.,True,True,Pakistano,Pasturana,"Market research, Analysis of data, Analysis of competitors","Adaptability, Effective presentation, Teamwork",42,3,32150,"Pakistano, Messicano, Italiano"
299,Market analyst,Degree,False,False,Italiano,Parenti,"Models of business, Analysis of competitors, Analysis of trends, Strategies of the market, Analysis of data","Critical thinking, Adaptability, Teamwork, Problem solving",39,1,38565,Italiano
300,Architect,PhD,True,True,Danese,Valstagna,"Rhinoceros 3D, EnergyPlus","Spatial thought, Effective communication",39,8,45135,"Danese, Cubano, Inglese"
301,Operation manager,Degree,True,True,Tedesco,Loreto,"Management of operations, ERP, Logistics","Management of stress, Troubleshooting, Management of time",41,9,119216,Tedesco
302,Operation manager,PhD,True,True,Messicano,Gorzegno,"Quality Control, Management of operations, Logistics","Troubleshooting, Management of stress, Strategic planning",40,9,127641,"Messicano, Russo"
303,Operation manager,PhD,True,False,Italiano,Sassocorvaro,"Management of operations, Six Sigma","Management of stress, Management of time, Strategic planning, Troubleshooting",35,1,136625,"Italiano, Tedesco"
304,Architectural engineer,Master D.,False,True,Italiano,Dolianova,"Simulink, MATLAB, Solidworks","Communication, Management of time, Troubleshooting, Collaboration",31,3,47593,Italiano
305,Architect,PhD,False,False,Italiano,Borgo San Giacomo,"Coordination of the project, BIM, Rhinoceros 3D, Vectorworks","Collaboration, Attention to detail, Spatial thought, Creativity",51,15,52997,"Italiano, Israeliano, Cinese"
306,Web Developer,PhD,False,False,Cinese,Casella,"Ruby, Internet protocols, CSS","Effective communication, Teamwork, Ability to manage stress",27,0,62647,"Cinese, Colombiano, Italiano"
307,Marketing manager,Researcher,True,False,Italiano,Bosnasco,"Market research, Management of the brand, Planning of campaigns","Adaptability, Ability to adapt to new technologies, Creativity, Critical thinking",33,1,95158,Italiano
308,Financial consultant,Bachelor D.,False,False,Francese,Rezzago,"Economics, Actions, Financial markets","Empathy, Attention to detail, Customer orientation, Precision",26,1,32521,Francese
309,Financial consultant,Bachelor D.,False,False,Lituano,Motta Camastra,"Commercial Law, Personal financial planning, Actions","Customer orientation, Attention to detail, Empathy, Persuasive communication",31,4,42529,"Lituano, Inglese"
310,Doctor,Bachelor D.,False,True,Italiano,Boschi Sant'Anna,"Management of patients, Prevention, Diagnosis, Anatomy, Therapy","Ethics, Attention to the patient, Empathic communication",34,0,36196,"Italiano, Turco"
311,Architect,Bachelor D.,False,False,Italiano,Ferla,"Rhinoceros 3D, BIM, Asana, Vectorworks, Revit","Attention to detail, Spatial thought, Collaboration, Effective communication",34,3,40323,Italiano
312,Computer security analyst,Researcher,False,True,Israeliano,Rivalta Bormida,"Analysis of vulnerabilities, SELinux, Security of the networks, Incident Management","Innovation, Adaptability, Collaboration, Critical thinking",35,1,116039,Israeliano
313,Surgeon,PhD,False,False,Francese,Ghilarza,"Medical imaging, Surgical physiology, Operating block management, General Surgery, Surgical Anatomy","Decision making, Teamwork, Management of stress, Ethics, Patience",43,2,46813,Francese
314,Manager,PhD,False,False,Italiano,Salo',"Market expertise, Strategic planning","Analytical thinking, Innovation",39,7,81234,"Italiano, Tedesco"
315,Web Developer,PhD,False,False,Italiano,Viterbo,"SQL, Internet protocols, Design patterns, Angular, Ruby","Problem solving, Teamwork, Ability to manage stress, Innovation",38,9,46075,Italiano
316,Web Developer,Bachelor D.,True,True,Brasiliano,Civitella del Tronto,"SQL, Ruby, SQL, XAMPP, MySQL","Innovation, Teamwork, Flexibility, Ability to manage stress, Effective communication",41,16,64437,"Brasiliano, Italiano, Finlandese"
317,Web Developer,Master D.,False,False,Inglese,Bomporto,"Design patterns, Ruby, Internet protocols","Problem solving, Flexibility, Innovation, Ability to manage stress",42,13,52543,Inglese
318,Therapist,Master D.,False,False,Italiano,Carzano,"Confidentiality, Ethics, Theories of Behavior, Cognitive behavioral therapy","Confidentiality, Problem solving, Relational Skills, Ethics",39,11,30000,"Italiano, Tedesco, Irlandese"
319,Data Scientist,Master D.,True,True,Cubano,San Marcellino,"PyTorch, Statistical, TensorFlow, Python","Solving the problems, Teamwork",45,15,43416,Cubano
320,System administrator,Bachelor D.,False,False,Israeliano,Villadose,"Unix, Network, Cyber Security","Management of emergencies, Patience, Troubleshooting",43,9,43675,"Israeliano, Inglese, Egiziano"
321,Market analyst,Degree,False,True,Italiano,Saluzzo,"Analysis of competitors, Analysis of data, Analysis of trends, Market research","Critical thinking, Adaptability",37,2,50753,"Italiano, Cubano, Messicano"
322,Operation manager,PhD,False,True,Italiano,San Damiano Macra,"ERP, Quality Control, Six Sigma, Optimization of processes","Management of stress, Troubleshooting, Strategic planning, Management of time",45,9,116461,Italiano
323,Manager,Degree,False,True,Lituano,Lanciano,"Strategic planning, Negotiation, Team Management","Analytical thinking, Empathy",44,4,118951,Lituano
324,X-ray technician,Degree,False,False,Inglese,Bernate Ticino,"X-ray and scan reading, Preparation of patients, Use of imaging equipment, Radiological safety","Speed of learning, Organizational skills, Ethics, Empathy",45,0,25351,"Inglese, Tunisino"
325,Operation manager,Bachelor D.,False,False,Italiano,Recetto,"Quality Control, Logistics","Troubleshooting, Management of time, Strategic planning",52,13,141094,"Italiano, Portoghese, Russo"
326,Surgeon,PhD,False,True,Israeliano,Spinete,"Surgical physiology, Medical imaging, Operating block management","Decision making, Ethics",54,22,108344,Israeliano
327,Pharmacist,Bachelor D.,False,True,Inglese,Bedizzole,"Pharmacology, Dispensing of drugs","Communication, Precision",35,7,29688,"Inglese, Francese, Italiano"
328,Market analyst,Bachelor D.,True,True,Inglese,Mazzarrone,"Forecast, Strategies of the market, Analysis of competitors, Market research","Teamwork, Customer orientation, Adaptability",37,2,54189,"Inglese, Italiano"
329,Marketing manager,Bachelor D.,True,False,Italiano,Cagno,"Google Analytics, Planning of campaigns, CMS, Strategies of marketing, Hootsuite","Leadership, Management of the team",36,2,78191,"Italiano, Inglese"
330,System administrator,PhD,False,False,Inglese,San Germano Vercellese,"Cloud management, Unix, Cyber Security, Network, Linux","Troubleshooting, Management of emergencies, Patience",36,0,44704,"Inglese, Italiano"
331,Web Developer,Degree,False,False,Inglese,Piovera,"Design patterns, MySQL","Innovation, Problem solving",36,8,49741,Inglese
332,Data analyst,Degree,True,False,Italiano,Sovere,"R, Root, Database, Data Mining, SQL","Clear communication, Problem solving, Critical analysis, Proactivity",36,0,35945,"Italiano, Argentino, Inglese"
333,X-ray technician,Bachelor D.,False,False,Italiano,Testico,"Radiological safety, Use of imaging equipment","Communication, Confidentiality, Attention to detail, Precision",33,2,22674,"Italiano, Israeliano"
334,Pharmacist,Degree,False,False,Italiano,Inveruno,"Information on drugs, Pharmacology, Preparation of drugs","Organizational skills, Empathy, Precision, Communication, Attention to the customer",35,4,22790,Italiano
335,Pharmacist,Master D.,False,False,Cinese,Desenzano del Garda,"Information on drugs, Dispensing of drugs, Control of prescriptions, Management of the cash, Preparation of drugs","Organizational skills, Precision, Empathy, Knowledge of regulations",30,1,24232,Cinese
336,Teacher,Master D.,False,True,Inglese,Vaglia,"Mathematics, Chemistry, Physical education, Physics","Communication, Patience, Empathy",57,1,22353,"Inglese, Italiano, Norvegese"
337,Pharmacist,Bachelor D.,False,True,Italiano,Roncola,"Preparation of drugs, Management of the cash","Empathy, Attention to the customer, Precision, Communication, Knowledge of regulations",54,1,27327,Italiano
338,Financial analyst,Master D.,True,True,Italiano,Casalattico,"Financial analysis, Economic Law, Risk Management","Effective communication, Critical analysis, Problem solving",40,7,42909,Italiano
339,HR Consultant,Degree,True,False,Norvegese,San Martino Sannita,"HR Management, Industrial relations, Training and development","Empathy, Management of the conflict, Negotiation, Management of stress, Coaching",44,11,36163,Norvegese
340,Financial analyst,Bachelor D.,True,False,Israeliano,Oldenico,"Financial analysis, Assessment of investments, Financial markets","Attention to detail, Management of stress, Problem solving, Critical analysis, Effective communication",45,10,40142,"Israeliano, Cubano"
341,Financial analyst,Bachelor D.,False,False,Italiano,Capraia e Limite,"Economic Law, Assessment of investments, Economics, Financial markets","Problem solving, Critical analysis, Management of stress",28,0,32763,"Italiano, Messicano"
342,Therapist,PhD,False,False,Tunisino,San Pietro in Cariano,"Psychopharmacology, Confidentiality, Counseling, Cognitive behavioral therapy, Theories of Behavior","Relational Skills, Confidentiality, Problem solving, Active listening, Ethics",41,10,29670,"Tunisino, Italiano, Italiano"
343,X-ray technician,Master D.,False,True,Tedesco,Colmurano,"Use of imaging equipment, Radiological safety, Preparation of patients","Empathy, Organizational skills, Communication",35,4,24584,"Tedesco, Italiano"
344,Therapist,Researcher,False,True,Norvegese,Plati',"Cognitive behavioral therapy, Psychopharmacology, Ethics, Theories of Behavior","Relational Skills, Active listening, Empathy, Confidentiality, Ethics",34,1,24434,"Norvegese, Colombiano"
345,Market analyst,PhD,False,False,Tedesco,Marano Principato,"Forecast, Market research, Strategies of the market","Problem solving, Critical thinking, Customer orientation, Effective presentation, Adaptability",33,5,51430,"Tedesco, Italiano"
346,Therapist,Master D.,False,False,Italiano,Sant'Agata del Bianco,"Psychopharmacology, Cognitive behavioral therapy, Psychological evaluation, Counseling, Confidentiality","Empathy, Problem solving, Ethics, Active listening, Relational Skills",28,0,27661,Italiano
347,Designer,Bachelor D.,True,False,Norvegese,Ravarino,"Adobe After Effect, Adobe Illustrator, Adobe Photoshop, Prototyping, UI/UX Design","Creativity, Adaptability, Innovation, Empathy",29,7,43221,"Norvegese, Italiano"
348,Asset manager,Degree,False,False,Tedesco,Viterbo,"Economics, Investments, Financial planning","Negotiation, Strategic Thinking",52,18,60000,"Tedesco, Francese, Argentino"
349,System administrator,Degree,False,True,Inglese,Marano Principato,"Windows Server, Network, HTTP, Cyber Security","Management of emergencies, Troubleshooting",38,0,31107,"Inglese, Italiano"
